Using cpu device
[EXP-002] training 2000000 steps, 8 envs, seed 0
Logging to C:\Users\91934\OneDrive\Desktop\biped_robot\logs\EXP-002\EXP-002_1
C:\Users\91934\OneDrive\Desktop\biped_robot\.venv\lib\site-packages\stable_baselines3\common\callbacks.py:414: UserWarning: Training and eval env are not of the same type<stable_baselines3.common.vec_env.subproc_vec_env.SubprocVecEnv object at 0x000001EFC2D669B0> != <stable_baselines3.common.vec_env.dummy_vec_env.DummyVecEnv object at 0x000001EFC2D65C30>
  warnings.warn("Training and eval env are not of the same type" f"{self.training_env} != {self.eval_env}")
Eval num_timesteps=10000, episode_reward=319.64 +/- 13.89
Episode length: 97.20 +/- 3.43
---------------------------------
| eval/              |          |
|    mean_ep_length  | 97.2     |
|    mean_reward     | 320      |
| time/              |          |
|    total_timesteps | 10000    |
---------------------------------
New best mean reward!
---------------------------------------
| br1/                     |          |
|    episodes_this_rollout | 250      |
|    fall_rate             | 1        |
|    mean_tilt_deg         | 12.8     |
| rollout/                 |          |
|    ep_len_mean           | 61.8     |
|    ep_rew_mean           | 117      |
| time/                    |          |
|    fps                   | 1561     |
|    iterations            | 1        |
|    time_elapsed          | 10       |
|    total_timesteps       | 16384    |
---------------------------------------
Eval num_timesteps=20000, episode_reward=332.40 +/- 9.39
Episode length: 100.40 +/- 2.42
-----------------------------------------
| eval/                   |             |
|    mean_ep_length       | 100         |
|    mean_reward          | 332         |
| time/                   |             |
|    total_timesteps      | 20000       |
| train/                  |             |
|    approx_kl            | 0.009817075 |
|    clip_fraction        | 0.121       |
|    clip_range           | 0.2         |
|    entropy_loss         | -17         |
|    explained_variance   | -0.00325    |
|    learning_rate        | 0.0003      |
|    loss                 | 51.9        |
|    n_updates            | 10          |
|    policy_gradient_loss | -0.00554    |
|    std                  | 0.999       |
|    value_loss           | 184         |
-----------------------------------------
New best mean reward!
Eval num_timesteps=30000, episode_reward=344.24 +/- 12.88
Episode length: 103.40 +/- 3.14
---------------------------------
| eval/              |          |
|    mean_ep_length  | 103      |
|    mean_reward     | 344      |
| time/              |          |
|    total_timesteps | 30000    |
---------------------------------
New best mean reward!
---------------------------------------
| br1/                     |          |
|    episodes_this_rollout | 261      |
|    fall_rate             | 1        |
|    mean_tilt_deg         | 13.1     |
| rollout/                 |          |
|    ep_len_mean           | 62.3     |
|    ep_rew_mean           | 119      |
| time/                    |          |
|    fps                   | 1299     |
|    iterations            | 2        |
|    time_elapsed          | 25       |
|    total_timesteps       | 32768    |
---------------------------------------
Eval num_timesteps=40000, episode_reward=361.66 +/- 17.13
Episode length: 107.60 +/- 4.36
-----------------------------------------
| eval/                   |             |
|    mean_ep_length       | 108         |
|    mean_reward          | 362         |
| time/                   |             |
|    total_timesteps      | 40000       |
| train/                  |             |
|    approx_kl            | 0.008805729 |
|    clip_fraction        | 0.0905      |
|    clip_range           | 0.2         |
|    entropy_loss         | -17         |
|    explained_variance   | 0.564       |
|    learning_rate        | 0.0003      |
|    loss                 | 72.9        |
|    n_updates            | 20          |
|    policy_gradient_loss | -0.00767    |
|    std                  | 0.992       |
|    value_loss           | 173         |
-----------------------------------------
New best mean reward!
---------------------------------------
| br1/                     |          |
|    episodes_this_rollout | 261      |
|    fall_rate             | 1        |
|    mean_tilt_deg         | 12.9     |
| rollout/                 |          |
|    ep_len_mean           | 63.8     |
|    ep_rew_mean           | 121      |
| time/                    |          |
|    fps                   | 1252     |
|    iterations            | 3        |
|    time_elapsed          | 39       |
|    total_timesteps       | 49152    |
---------------------------------------
Eval num_timesteps=50000, episode_reward=481.49 +/- 50.75
Episode length: 137.80 +/- 12.73
------------------------------------------
| eval/                   |              |
|    mean_ep_length       | 138          |
|    mean_reward          | 481          |
| time/                   |              |
|    total_timesteps      | 50000        |
| train/                  |              |
|    approx_kl            | 0.0097399345 |
|    clip_fraction        | 0.105        |
|    clip_range           | 0.2          |
|    entropy_loss         | -16.9        |
|    explained_variance   | 0.676        |
|    learning_rate        | 0.0003       |
|    loss                 | 109          |
|    n_updates            | 30           |
|    policy_gradient_loss | -0.00891     |
|    std                  | 0.989        |
|    value_loss           | 226          |
------------------------------------------
New best mean reward!
Eval num_timesteps=60000, episode_reward=463.03 +/- 17.36
Episode length: 133.00 +/- 4.29
---------------------------------
| eval/              |          |
|    mean_ep_length  | 133      |
|    mean_reward     | 463      |
| time/              |          |
|    total_timesteps | 60000    |
---------------------------------
---------------------------------------
| br1/                     |          |
|    episodes_this_rollout | 254      |
|    fall_rate             | 1        |
|    mean_tilt_deg         | 12.9     |
| rollout/                 |          |
|    ep_len_mean           | 65.4     |
|    ep_rew_mean           | 125      |
| time/                    |          |
|    fps                   | 1197     |
|    iterations            | 4        |
|    time_elapsed          | 54       |
|    total_timesteps       | 65536    |
---------------------------------------
Eval num_timesteps=70000, episode_reward=684.24 +/- 61.28
Episode length: 188.80 +/- 15.18
-----------------------------------------
| eval/                   |             |
|    mean_ep_length       | 189         |
|    mean_reward          | 684         |
| time/                   |             |
|    total_timesteps      | 70000       |
| train/                  |             |
|    approx_kl            | 0.010265204 |
|    clip_fraction        | 0.12        |
|    clip_range           | 0.2         |
|    entropy_loss         | -16.9       |
|    explained_variance   | 0.756       |
|    learning_rate        | 0.0003      |
|    loss                 | 61.4        |
|    n_updates            | 40          |
|    policy_gradient_loss | -0.0107     |
|    std                  | 0.987       |
|    value_loss           | 166         |
-----------------------------------------
New best mean reward!
Eval num_timesteps=80000, episode_reward=635.66 +/- 48.90
Episode length: 176.60 +/- 12.26
---------------------------------
| eval/              |          |
|    mean_ep_length  | 177      |
|    mean_reward     | 636      |
| time/              |          |
|    total_timesteps | 80000    |
---------------------------------
---------------------------------------
| br1/                     |          |
|    episodes_this_rollout | 255      |
|    fall_rate             | 1        |
|    mean_tilt_deg         | 12.8     |
| rollout/                 |          |
|    ep_len_mean           | 65.8     |
|    ep_rew_mean           | 126      |
| time/                    |          |
|    fps                   | 1146     |
|    iterations            | 5        |
|    time_elapsed          | 71       |
|    total_timesteps       | 81920    |
---------------------------------------
Eval num_timesteps=90000, episode_reward=453.86 +/- 14.82
Episode length: 131.40 +/- 3.72
-----------------------------------------
| eval/                   |             |
|    mean_ep_length       | 131         |
|    mean_reward          | 454         |
| time/                   |             |
|    total_timesteps      | 90000       |
| train/                  |             |
|    approx_kl            | 0.011102142 |
|    clip_fraction        | 0.13        |
|    clip_range           | 0.2         |
|    entropy_loss         | -16.9       |
|    explained_variance   | 0.861       |
|    learning_rate        | 0.0003      |
|    loss                 | 52.7        |
|    n_updates            | 50          |
|    policy_gradient_loss | -0.0115     |
|    std                  | 0.987       |
|    value_loss           | 118         |
-----------------------------------------
---------------------------------------
| br1/                     |          |
|    episodes_this_rollout | 240      |
|    fall_rate             | 1        |
|    mean_tilt_deg         | 12.4     |
| rollout/                 |          |
|    ep_len_mean           | 68.1     |
|    ep_rew_mean           | 132      |
| time/                    |          |
|    fps                   | 1141     |
|    iterations            | 6        |
|    time_elapsed          | 86       |
|    total_timesteps       | 98304    |
---------------------------------------
Eval num_timesteps=100000, episode_reward=378.74 +/- 8.05
Episode length: 112.80 +/- 2.23
-----------------------------------------
| eval/                   |             |
|    mean_ep_length       | 113         |
|    mean_reward          | 379         |
| time/                   |             |
|    total_timesteps      | 100000      |
| train/                  |             |
|    approx_kl            | 0.010370661 |
|    clip_fraction        | 0.127       |
|    clip_range           | 0.2         |
|    entropy_loss         | -16.8       |
|    explained_variance   | 0.881       |
|    learning_rate        | 0.0003      |
|    loss                 | 58.7        |
|    n_updates            | 60          |
|    policy_gradient_loss | -0.0106     |
|    std                  | 0.984       |
|    value_loss           | 134         |
-----------------------------------------
Eval num_timesteps=110000, episode_reward=378.90 +/- 5.61
Episode length: 112.80 +/- 1.60
---------------------------------
| eval/              |          |
|    mean_ep_length  | 113      |
|    mean_reward     | 379      |
| time/              |          |
|    total_timesteps | 110000   |
---------------------------------
---------------------------------------
| br1/                     |          |
|    episodes_this_rollout | 231      |
|    fall_rate             | 1        |
|    mean_tilt_deg         | 12.3     |
| rollout/                 |          |
|    ep_len_mean           | 69.6     |
|    ep_rew_mean           | 136      |
| time/                    |          |
|    fps                   | 1109     |
|    iterations            | 7        |
|    time_elapsed          | 103      |
|    total_timesteps       | 114688   |
---------------------------------------
Eval num_timesteps=120000, episode_reward=347.32 +/- 8.73
Episode length: 105.20 +/- 2.32
-----------------------------------------
| eval/                   |             |
|    mean_ep_length       | 105         |
|    mean_reward          | 347         |
| time/                   |             |
|    total_timesteps      | 120000      |
| train/                  |             |
|    approx_kl            | 0.009888009 |
|    clip_fraction        | 0.118       |
|    clip_range           | 0.2         |
|    entropy_loss         | -16.8       |
|    explained_variance   | 0.895       |
|    learning_rate        | 0.0003      |
|    loss                 | 67.1        |
|    n_updates            | 70          |
|    policy_gradient_loss | -0.00882    |
|    std                  | 0.981       |
|    value_loss           | 135         |
-----------------------------------------
Eval num_timesteps=130000, episode_reward=350.97 +/- 7.79
Episode length: 106.20 +/- 2.04
---------------------------------
| eval/              |          |
|    mean_ep_length  | 106      |
|    mean_reward     | 351      |
| time/              |          |
|    total_timesteps | 130000   |
---------------------------------
---------------------------------------
| br1/                     |          |
|    episodes_this_rollout | 222      |
|    fall_rate             | 1        |
|    mean_tilt_deg         | 12.1     |
| rollout/                 |          |
|    ep_len_mean           | 75.2     |
|    ep_rew_mean           | 147      |
| time/                    |          |
|    fps                   | 1111     |
|    iterations            | 8        |
|    time_elapsed          | 117      |
|    total_timesteps       | 131072   |
---------------------------------------
Eval num_timesteps=140000, episode_reward=326.10 +/- 5.48
Episode length: 100.00 +/- 1.41
-----------------------------------------
| eval/                   |             |
|    mean_ep_length       | 100         |
|    mean_reward          | 326         |
| time/                   |             |
|    total_timesteps      | 140000      |
| train/                  |             |
|    approx_kl            | 0.010567008 |
|    clip_fraction        | 0.13        |
|    clip_range           | 0.2         |
|    entropy_loss         | -16.7       |
|    explained_variance   | 0.888       |
|    learning_rate        | 0.0003      |
|    loss                 | 90.7        |
|    n_updates            | 80          |
|    policy_gradient_loss | -0.0102     |
|    std                  | 0.974       |
|    value_loss           | 150         |
-----------------------------------------
---------------------------------------
| br1/                     |          |
|    episodes_this_rollout | 232      |
|    fall_rate             | 1        |
|    mean_tilt_deg         | 12.3     |
| rollout/                 |          |
|    ep_len_mean           | 68.4     |
|    ep_rew_mean           | 133      |
| time/                    |          |
|    fps                   | 1105     |
|    iterations            | 9        |
|    time_elapsed          | 133      |
|    total_timesteps       | 147456   |
---------------------------------------
Eval num_timesteps=150000, episode_reward=342.34 +/- 2.23
Episode length: 104.40 +/- 0.49
-----------------------------------------
| eval/                   |             |
|    mean_ep_length       | 104         |
|    mean_reward          | 342         |
| time/                   |             |
|    total_timesteps      | 150000      |
| train/                  |             |
|    approx_kl            | 0.010673447 |
|    clip_fraction        | 0.129       |
|    clip_range           | 0.2         |
|    entropy_loss         | -16.7       |
|    explained_variance   | 0.896       |
|    learning_rate        | 0.0003      |
|    loss                 | 70          |
|    n_updates            | 90          |
|    policy_gradient_loss | -0.00942    |
|    std                  | 0.971       |
|    value_loss           | 145         |
-----------------------------------------
Eval num_timesteps=160000, episode_reward=333.11 +/- 4.42
Episode length: 102.20 +/- 0.98
---------------------------------
| eval/              |          |
|    mean_ep_length  | 102      |
|    mean_reward     | 333      |
| time/              |          |
|    total_timesteps | 160000   |
---------------------------------
---------------------------------------
| br1/                     |          |
|    episodes_this_rollout | 222      |
|    fall_rate             | 1        |
|    mean_tilt_deg         | 12       |
| rollout/                 |          |
|    ep_len_mean           | 75.2     |
|    ep_rew_mean           | 149      |
| time/                    |          |
|    fps                   | 1104     |
|    iterations            | 10       |
|    time_elapsed          | 148      |
|    total_timesteps       | 163840   |
---------------------------------------
Eval num_timesteps=170000, episode_reward=328.96 +/- 6.82
Episode length: 101.40 +/- 1.74
-----------------------------------------
| eval/                   |             |
|    mean_ep_length       | 101         |
|    mean_reward          | 329         |
| time/                   |             |
|    total_timesteps      | 170000      |
| train/                  |             |
|    approx_kl            | 0.011473419 |
|    clip_fraction        | 0.141       |
|    clip_range           | 0.2         |
|    entropy_loss         | -16.6       |
|    explained_variance   | 0.895       |
|    learning_rate        | 0.0003      |
|    loss                 | 86.5        |
|    n_updates            | 100         |
|    policy_gradient_loss | -0.00992    |
|    std                  | 0.963       |
|    value_loss           | 151         |
-----------------------------------------
Eval num_timesteps=180000, episode_reward=328.81 +/- 6.78
Episode length: 101.20 +/- 1.60
---------------------------------
| eval/              |          |
|    mean_ep_length  | 101      |
|    mean_reward     | 329      |
| time/              |          |
|    total_timesteps | 180000   |
---------------------------------
---------------------------------------
| br1/                     |          |
|    episodes_this_rollout | 223      |
|    fall_rate             | 1        |
|    mean_tilt_deg         | 11.9     |
| rollout/                 |          |
|    ep_len_mean           | 73       |
|    ep_rew_mean           | 144      |
| time/                    |          |
|    fps                   | 1104     |
|    iterations            | 11       |
|    time_elapsed          | 163      |
|    total_timesteps       | 180224   |
---------------------------------------
Eval num_timesteps=190000, episode_reward=286.51 +/- 5.92
Episode length: 91.00 +/- 1.41
-----------------------------------------
| eval/                   |             |
|    mean_ep_length       | 91          |
|    mean_reward          | 287         |
| time/                   |             |
|    total_timesteps      | 190000      |
| train/                  |             |
|    approx_kl            | 0.011201482 |
|    clip_fraction        | 0.138       |
|    clip_range           | 0.2         |
|    entropy_loss         | -16.5       |
|    explained_variance   | 0.901       |
|    learning_rate        | 0.0003      |
|    loss                 | 68.6        |
|    n_updates            | 110         |
|    policy_gradient_loss | -0.00935    |
|    std                  | 0.959       |
|    value_loss           | 148         |
-----------------------------------------
---------------------------------------
| br1/                     |          |
|    episodes_this_rollout | 217      |
|    fall_rate             | 1        |
|    mean_tilt_deg         | 11.9     |
| rollout/                 |          |
|    ep_len_mean           | 72.4     |
|    ep_rew_mean           | 142      |
| time/                    |          |
|    fps                   | 1110     |
|    iterations            | 12       |
|    time_elapsed          | 177      |
|    total_timesteps       | 196608   |
---------------------------------------
Eval num_timesteps=200000, episode_reward=287.24 +/- 2.83
Episode length: 91.80 +/- 0.75
-----------------------------------------
| eval/                   |             |
|    mean_ep_length       | 91.8        |
|    mean_reward          | 287         |
| time/                   |             |
|    total_timesteps      | 200000      |
| train/                  |             |
|    approx_kl            | 0.010955944 |
|    clip_fraction        | 0.135       |
|    clip_range           | 0.2         |
|    entropy_loss         | -16.5       |
|    explained_variance   | 0.904       |
|    learning_rate        | 0.0003      |
|    loss                 | 62.8        |
|    n_updates            | 120         |
|    policy_gradient_loss | -0.00893    |
|    std                  | 0.954       |
|    value_loss           | 144         |
-----------------------------------------
Eval num_timesteps=210000, episode_reward=287.81 +/- 3.26
Episode length: 91.80 +/- 0.75
---------------------------------
| eval/              |          |
|    mean_ep_length  | 91.8     |
|    mean_reward     | 288      |
| time/              |          |
|    total_timesteps | 210000   |
---------------------------------
---------------------------------------
| br1/                     |          |
|    episodes_this_rollout | 218      |
|    fall_rate             | 1        |
|    mean_tilt_deg         | 11.9     |
| rollout/                 |          |
|    ep_len_mean           | 74.6     |
|    ep_rew_mean           | 148      |
| time/                    |          |
|    fps                   | 1112     |
|    iterations            | 13       |
|    time_elapsed          | 191      |
|    total_timesteps       | 212992   |
---------------------------------------
Eval num_timesteps=220000, episode_reward=305.07 +/- 6.38
Episode length: 96.20 +/- 1.47
-----------------------------------------
| eval/                   |             |
|    mean_ep_length       | 96.2        |
|    mean_reward          | 305         |
| time/                   |             |
|    total_timesteps      | 220000      |
| train/                  |             |
|    approx_kl            | 0.011980362 |
|    clip_fraction        | 0.154       |
|    clip_range           | 0.2         |
|    entropy_loss         | -16.4       |
|    explained_variance   | 0.901       |
|    learning_rate        | 0.0003      |
|    loss                 | 74.7        |
|    n_updates            | 130         |
|    policy_gradient_loss | -0.01       |
|    std                  | 0.952       |
|    value_loss           | 151         |
-----------------------------------------
---------------------------------------
| br1/                     |          |
|    episodes_this_rollout | 204      |
|    fall_rate             | 1        |
|    mean_tilt_deg         | 11.6     |
| rollout/                 |          |
|    ep_len_mean           | 81.8     |
|    ep_rew_mean           | 166      |
| time/                    |          |
|    fps                   | 1124     |
|    iterations            | 14       |
|    time_elapsed          | 203      |
|    total_timesteps       | 229376   |
---------------------------------------
Eval num_timesteps=230000, episode_reward=285.28 +/- 3.40
Episode length: 92.00 +/- 0.63
-----------------------------------------
| eval/                   |             |
|    mean_ep_length       | 92          |
|    mean_reward          | 285         |
| time/                   |             |
|    total_timesteps      | 230000      |
| train/                  |             |
|    approx_kl            | 0.010784127 |
|    clip_fraction        | 0.14        |
|    clip_range           | 0.2         |
|    entropy_loss         | -16.4       |
|    explained_variance   | 0.899       |
|    learning_rate        | 0.0003      |
|    loss                 | 71.5        |
|    n_updates            | 140         |
|    policy_gradient_loss | -0.00888    |
|    std                  | 0.949       |
|    value_loss           | 160         |
-----------------------------------------
Eval num_timesteps=240000, episode_reward=285.25 +/- 4.54
Episode length: 92.00 +/- 1.10
---------------------------------
| eval/              |          |
|    mean_ep_length  | 92       |
|    mean_reward     | 285      |
| time/              |          |
|    total_timesteps | 240000   |
---------------------------------
---------------------------------------
| br1/                     |          |
|    episodes_this_rollout | 209      |
|    fall_rate             | 1        |
|    mean_tilt_deg         | 11.8     |
| rollout/                 |          |
|    ep_len_mean           | 77.4     |
|    ep_rew_mean           | 155      |
| time/                    |          |
|    fps                   | 1118     |
|    iterations            | 15       |
|    time_elapsed          | 219      |
|    total_timesteps       | 245760   |
---------------------------------------
Eval num_timesteps=250000, episode_reward=286.30 +/- 6.36
Episode length: 92.00 +/- 1.41
-----------------------------------------
| eval/                   |             |
|    mean_ep_length       | 92          |
|    mean_reward          | 286         |
| time/                   |             |
|    total_timesteps      | 250000      |
| train/                  |             |
|    approx_kl            | 0.011689629 |
|    clip_fraction        | 0.15        |
|    clip_range           | 0.2         |
|    entropy_loss         | -16.3       |
|    explained_variance   | 0.909       |
|    learning_rate        | 0.0003      |
|    loss                 | 68.2        |
|    n_updates            | 150         |
|    policy_gradient_loss | -0.00896    |
|    std                  | 0.942       |
|    value_loss           | 147         |
-----------------------------------------
Eval num_timesteps=260000, episode_reward=283.55 +/- 5.65
Episode length: 91.60 +/- 1.36
---------------------------------
| eval/              |          |
|    mean_ep_length  | 91.6     |
|    mean_reward     | 284      |
| time/              |          |
|    total_timesteps | 260000   |
---------------------------------
---------------------------------------
| br1/                     |          |
|    episodes_this_rollout | 206      |
|    fall_rate             | 1        |
|    mean_tilt_deg         | 11.5     |
| rollout/                 |          |
|    ep_len_mean           | 77.7     |
|    ep_rew_mean           | 155      |
| time/                    |          |
|    fps                   | 1119     |
|    iterations            | 16       |
|    time_elapsed          | 234      |
|    total_timesteps       | 262144   |
---------------------------------------
Eval num_timesteps=270000, episode_reward=283.30 +/- 4.32
Episode length: 91.40 +/- 1.02
-----------------------------------------
| eval/                   |             |
|    mean_ep_length       | 91.4        |
|    mean_reward          | 283         |
| time/                   |             |
|    total_timesteps      | 270000      |
| train/                  |             |
|    approx_kl            | 0.012040384 |
|    clip_fraction        | 0.147       |
|    clip_range           | 0.2         |
|    entropy_loss         | -16.3       |
|    explained_variance   | 0.905       |
|    learning_rate        | 0.0003      |
|    loss                 | 93.2        |
|    n_updates            | 160         |
|    policy_gradient_loss | -0.0086     |
|    std                  | 0.937       |
|    value_loss           | 159         |
-----------------------------------------
---------------------------------------
| br1/                     |          |
|    episodes_this_rollout | 200      |
|    fall_rate             | 1        |
|    mean_tilt_deg         | 11.2     |
| rollout/                 |          |
|    ep_len_mean           | 82.4     |
|    ep_rew_mean           | 167      |
| time/                    |          |
|    fps                   | 1117     |
|    iterations            | 17       |
|    time_elapsed          | 249      |
|    total_timesteps       | 278528   |
---------------------------------------
Eval num_timesteps=280000, episode_reward=277.66 +/- 5.25
Episode length: 90.60 +/- 1.02
-----------------------------------------
| eval/                   |             |
|    mean_ep_length       | 90.6        |
|    mean_reward          | 278         |
| time/                   |             |
|    total_timesteps      | 280000      |
| train/                  |             |
|    approx_kl            | 0.012672564 |
|    clip_fraction        | 0.159       |
|    clip_range           | 0.2         |
|    entropy_loss         | -16.2       |
|    explained_variance   | 0.911       |
|    learning_rate        | 0.0003      |
|    loss                 | 65.1        |
|    n_updates            | 170         |
|    policy_gradient_loss | -0.00955    |
|    std                  | 0.933       |
|    value_loss           | 153         |
-----------------------------------------
Eval num_timesteps=290000, episode_reward=281.09 +/- 4.81
Episode length: 91.60 +/- 1.02
---------------------------------
| eval/              |          |
|    mean_ep_length  | 91.6     |
|    mean_reward     | 281      |
| time/              |          |
|    total_timesteps | 290000   |
---------------------------------
---------------------------------------
| br1/                     |          |
|    episodes_this_rollout | 195      |
|    fall_rate             | 1        |
|    mean_tilt_deg         | 11.1     |
| rollout/                 |          |
|    ep_len_mean           | 84       |
|    ep_rew_mean           | 172      |
| time/                    |          |
|    fps                   | 1123     |
|    iterations            | 18       |
|    time_elapsed          | 262      |
|    total_timesteps       | 294912   |
---------------------------------------
Eval num_timesteps=300000, episode_reward=301.75 +/- 11.23
Episode length: 97.00 +/- 2.61
-----------------------------------------
| eval/                   |             |
|    mean_ep_length       | 97          |
|    mean_reward          | 302         |
| time/                   |             |
|    total_timesteps      | 300000      |
| train/                  |             |
|    approx_kl            | 0.011485683 |
|    clip_fraction        | 0.144       |
|    clip_range           | 0.2         |
|    entropy_loss         | -16.2       |
|    explained_variance   | 0.905       |
|    learning_rate        | 0.0003      |
|    loss                 | 87.4        |
|    n_updates            | 180         |
|    policy_gradient_loss | -0.0079     |
|    std                  | 0.932       |
|    value_loss           | 169         |
-----------------------------------------
Eval num_timesteps=310000, episode_reward=301.03 +/- 11.48
Episode length: 96.60 +/- 2.65
---------------------------------
| eval/              |          |
|    mean_ep_length  | 96.6     |
|    mean_reward     | 301      |
| time/              |          |
|    total_timesteps | 310000   |
---------------------------------
---------------------------------------
| br1/                     |          |
|    episodes_this_rollout | 196      |
|    fall_rate             | 1        |
|    mean_tilt_deg         | 11.2     |
| rollout/                 |          |
|    ep_len_mean           | 84.7     |
|    ep_rew_mean           | 172      |
| time/                    |          |
|    fps                   | 1125     |
|    iterations            | 19       |
|    time_elapsed          | 276      |
|    total_timesteps       | 311296   |
---------------------------------------
Eval num_timesteps=320000, episode_reward=328.92 +/- 4.90
Episode length: 104.00 +/- 1.10
----------------------------------------
| eval/                   |            |
|    mean_ep_length       | 104        |
|    mean_reward          | 329        |
| time/                   |            |
|    total_timesteps      | 320000     |
| train/                  |            |
|    approx_kl            | 0.01333376 |
|    clip_fraction        | 0.169      |
|    clip_range           | 0.2        |
|    entropy_loss         | -16.1      |
|    explained_variance   | 0.915      |
|    learning_rate        | 0.0003     |
|    loss                 | 74.8       |
|    n_updates            | 190        |
|    policy_gradient_loss | -0.0098    |
|    std                  | 0.926      |
|    value_loss           | 158        |
----------------------------------------
---------------------------------------
| br1/                     |          |
|    episodes_this_rollout | 188      |
|    fall_rate             | 1        |
|    mean_tilt_deg         | 10.9     |
| rollout/                 |          |
|    ep_len_mean           | 86.8     |
|    ep_rew_mean           | 177      |
| time/                    |          |
|    fps                   | 1133     |
|    iterations            | 20       |
|    time_elapsed          | 289      |
|    total_timesteps       | 327680   |
---------------------------------------
Eval num_timesteps=330000, episode_reward=341.96 +/- 15.58
Episode length: 107.60 +/- 3.72
-----------------------------------------
| eval/                   |             |
|    mean_ep_length       | 108         |
|    mean_reward          | 342         |
| time/                   |             |
|    total_timesteps      | 330000      |
| train/                  |             |
|    approx_kl            | 0.012229577 |
|    clip_fraction        | 0.149       |
|    clip_range           | 0.2         |
|    entropy_loss         | -16         |
|    explained_variance   | 0.914       |
|    learning_rate        | 0.0003      |
|    loss                 | 74.7        |
|    n_updates            | 200         |
|    policy_gradient_loss | -0.00845    |
|    std                  | 0.918       |
|    value_loss           | 163         |
-----------------------------------------
Eval num_timesteps=340000, episode_reward=355.21 +/- 19.67
Episode length: 110.60 +/- 4.84
---------------------------------
| eval/              |          |
|    mean_ep_length  | 111      |
|    mean_reward     | 355      |
| time/              |          |
|    total_timesteps | 340000   |
---------------------------------
---------------------------------------
| br1/                     |          |
|    episodes_this_rollout | 189      |
|    fall_rate             | 1        |
|    mean_tilt_deg         | 11       |
| rollout/                 |          |
|    ep_len_mean           | 88.4     |
|    ep_rew_mean           | 181      |
| time/                    |          |
|    fps                   | 1133     |
|    iterations            | 21       |
|    time_elapsed          | 303      |
|    total_timesteps       | 344064   |
---------------------------------------
Eval num_timesteps=350000, episode_reward=361.27 +/- 15.01
Episode length: 112.60 +/- 3.56
-----------------------------------------
| eval/                   |             |
|    mean_ep_length       | 113         |
|    mean_reward          | 361         |
| time/                   |             |
|    total_timesteps      | 350000      |
| train/                  |             |
|    approx_kl            | 0.012164269 |
|    clip_fraction        | 0.15        |
|    clip_range           | 0.2         |
|    entropy_loss         | -16         |
|    explained_variance   | 0.913       |
|    learning_rate        | 0.0003      |
|    loss                 | 100         |
|    n_updates            | 210         |
|    policy_gradient_loss | -0.00713    |
|    std                  | 0.915       |
|    value_loss           | 164         |
-----------------------------------------
Eval num_timesteps=360000, episode_reward=376.41 +/- 32.56
Episode length: 116.40 +/- 7.96
---------------------------------
| eval/              |          |
|    mean_ep_length  | 116      |
|    mean_reward     | 376      |
| time/              |          |
|    total_timesteps | 360000   |
---------------------------------
---------------------------------------
| br1/                     |          |
|    episodes_this_rollout | 189      |
|    fall_rate             | 1        |
|    mean_tilt_deg         | 10.9     |
| rollout/                 |          |
|    ep_len_mean           | 86.8     |
|    ep_rew_mean           | 177      |
| time/                    |          |
|    fps                   | 1130     |
|    iterations            | 22       |
|    time_elapsed          | 318      |
|    total_timesteps       | 360448   |
---------------------------------------
Eval num_timesteps=370000, episode_reward=380.49 +/- 42.10
Episode length: 117.20 +/- 10.46
-----------------------------------------
| eval/                   |             |
|    mean_ep_length       | 117         |
|    mean_reward          | 380         |
| time/                   |             |
|    total_timesteps      | 370000      |
| train/                  |             |
|    approx_kl            | 0.012856512 |
|    clip_fraction        | 0.164       |
|    clip_range           | 0.2         |
|    entropy_loss         | -15.9       |
|    explained_variance   | 0.914       |
|    learning_rate        | 0.0003      |
|    loss                 | 87.6        |
|    n_updates            | 220         |
|    policy_gradient_loss | -0.00968    |
|    std                  | 0.91        |
|    value_loss           | 165         |
-----------------------------------------
---------------------------------------
| br1/                     |          |
|    episodes_this_rollout | 183      |
|    fall_rate             | 1        |
|    mean_tilt_deg         | 10.6     |
| rollout/                 |          |
|    ep_len_mean           | 85.8     |
|    ep_rew_mean           | 176      |
| time/                    |          |
|    fps                   | 1130     |
|    iterations            | 23       |
|    time_elapsed          | 333      |
|    total_timesteps       | 376832   |
---------------------------------------
Eval num_timesteps=380000, episode_reward=422.33 +/- 51.03
Episode length: 128.00 +/- 12.47
-----------------------------------------
| eval/                   |             |
|    mean_ep_length       | 128         |
|    mean_reward          | 422         |
| time/                   |             |
|    total_timesteps      | 380000      |
| train/                  |             |
|    approx_kl            | 0.012883407 |
|    clip_fraction        | 0.165       |
|    clip_range           | 0.2         |
|    entropy_loss         | -15.9       |
|    explained_variance   | 0.918       |
|    learning_rate        | 0.0003      |
|    loss                 | 73.3        |
|    n_updates            | 230         |
|    policy_gradient_loss | -0.00961    |
|    std                  | 0.906       |
|    value_loss           | 163         |
-----------------------------------------
Eval num_timesteps=390000, episode_reward=422.65 +/- 38.70
Episode length: 128.20 +/- 9.56
---------------------------------
| eval/              |          |
|    mean_ep_length  | 128      |
|    mean_reward     | 423      |
| time/              |          |
|    total_timesteps | 390000   |
---------------------------------
---------------------------------------
| br1/                     |          |
|    episodes_this_rollout | 178      |
|    fall_rate             | 1        |
|    mean_tilt_deg         | 10.4     |
| rollout/                 |          |
|    ep_len_mean           | 92.5     |
|    ep_rew_mean           | 191      |
| time/                    |          |
|    fps                   | 1114     |
|    iterations            | 24       |
|    time_elapsed          | 352      |
|    total_timesteps       | 393216   |
---------------------------------------
Eval num_timesteps=400000, episode_reward=835.33 +/- 574.92
Episode length: 227.80 +/- 136.41
-----------------------------------------
| eval/                   |             |
|    mean_ep_length       | 228         |
|    mean_reward          | 835         |
| time/                   |             |
|    total_timesteps      | 400000      |
| train/                  |             |
|    approx_kl            | 0.013046971 |
|    clip_fraction        | 0.163       |
|    clip_range           | 0.2         |
|    entropy_loss         | -15.8       |
|    explained_variance   | 0.92        |
|    learning_rate        | 0.0003      |
|    loss                 | 71.4        |
|    n_updates            | 240         |
|    policy_gradient_loss | -0.00894    |
|    std                  | 0.902       |
|    value_loss           | 156         |
-----------------------------------------
New best mean reward!
---------------------------------------
| br1/                     |          |
|    episodes_this_rollout | 181      |
|    fall_rate             | 1        |
|    mean_tilt_deg         | 10.6     |
| rollout/                 |          |
|    ep_len_mean           | 90.4     |
|    ep_rew_mean           | 186      |
| time/                    |          |
|    fps                   | 1110     |
|    iterations            | 25       |
|    time_elapsed          | 368      |
|    total_timesteps       | 409600   |
---------------------------------------
Eval num_timesteps=410000, episode_reward=1430.14 +/- 682.84
Episode length: 368.60 +/- 161.19
-----------------------------------------
| eval/                   |             |
|    mean_ep_length       | 369         |
|    mean_reward          | 1.43e+03    |
| time/                   |             |
|    total_timesteps      | 410000      |
| train/                  |             |
|    approx_kl            | 0.012867374 |
|    clip_fraction        | 0.162       |
|    clip_range           | 0.2         |
|    entropy_loss         | -15.7       |
|    explained_variance   | 0.919       |
|    learning_rate        | 0.0003      |
|    loss                 | 82.2        |
|    n_updates            | 250         |
|    policy_gradient_loss | -0.00767    |
|    std                  | 0.898       |
|    value_loss           | 167         |
-----------------------------------------
New best mean reward!
Eval num_timesteps=420000, episode_reward=1460.90 +/- 642.37
Episode length: 376.80 +/- 151.27
---------------------------------
| eval/              |          |
|    mean_ep_length  | 377      |
|    mean_reward     | 1.46e+03 |
| time/              |          |
|    total_timesteps | 420000   |
---------------------------------
New best mean reward!
---------------------------------------
| br1/                     |          |
|    episodes_this_rollout | 173      |
|    fall_rate             | 1        |
|    mean_tilt_deg         | 10.2     |
| rollout/                 |          |
|    ep_len_mean           | 99.3     |
|    ep_rew_mean           | 209      |
| time/                    |          |
|    fps                   | 1103     |
|    iterations            | 26       |
|    time_elapsed          | 385      |
|    total_timesteps       | 425984   |
---------------------------------------
Eval num_timesteps=430000, episode_reward=822.03 +/- 582.43
Episode length: 224.80 +/- 137.75
-----------------------------------------
| eval/                   |             |
|    mean_ep_length       | 225         |
|    mean_reward          | 822         |
| time/                   |             |
|    total_timesteps      | 430000      |
| train/                  |             |
|    approx_kl            | 0.012990051 |
|    clip_fraction        | 0.162       |
|    clip_range           | 0.2         |
|    entropy_loss         | -15.7       |
|    explained_variance   | 0.914       |
|    learning_rate        | 0.0003      |
|    loss                 | 72.5        |
|    n_updates            | 260         |
|    policy_gradient_loss | -0.00808    |
|    std                  | 0.894       |
|    value_loss           | 175         |
-----------------------------------------
Eval num_timesteps=440000, episode_reward=1107.21 +/- 714.93
Episode length: 293.20 +/- 169.38
---------------------------------
| eval/              |          |
|    mean_ep_length  | 293      |
|    mean_reward     | 1.11e+03 |
| time/              |          |
|    total_timesteps | 440000   |
---------------------------------
---------------------------------------
| br1/                     |          |
|    episodes_this_rollout | 169      |
|    fall_rate             | 1        |
|    mean_tilt_deg         | 10.2     |
| rollout/                 |          |
|    ep_len_mean           | 97.2     |
|    ep_rew_mean           | 203      |
| time/                    |          |
|    fps                   | 1093     |
|    iterations            | 27       |
|    time_elapsed          | 404      |
|    total_timesteps       | 442368   |
---------------------------------------
Eval num_timesteps=450000, episode_reward=1984.78 +/- 1.98
Episode length: 500.00 +/- 0.00
-----------------------------------------
| eval/                   |             |
|    mean_ep_length       | 500         |
|    mean_reward          | 1.98e+03    |
| time/                   |             |
|    total_timesteps      | 450000      |
| train/                  |             |
|    approx_kl            | 0.012887517 |
|    clip_fraction        | 0.168       |
|    clip_range           | 0.2         |
|    entropy_loss         | -15.6       |
|    explained_variance   | 0.918       |
|    learning_rate        | 0.0003      |
|    loss                 | 95.7        |
|    n_updates            | 270         |
|    policy_gradient_loss | -0.00944    |
|    std                  | 0.891       |
|    value_loss           | 175         |
-----------------------------------------
New best mean reward!
---------------------------------------
| br1/                     |          |
|    episodes_this_rollout | 170      |
|    fall_rate             | 1        |
|    mean_tilt_deg         | 10       |
| rollout/                 |          |
|    ep_len_mean           | 95       |
|    ep_rew_mean           | 198      |
| time/                    |          |
|    fps                   | 1077     |
|    iterations            | 28       |
|    time_elapsed          | 425      |
|    total_timesteps       | 458752   |
---------------------------------------
Eval num_timesteps=460000, episode_reward=1980.57 +/- 3.82
Episode length: 500.00 +/- 0.00
-----------------------------------------
| eval/                   |             |
|    mean_ep_length       | 500         |
|    mean_reward          | 1.98e+03    |
| time/                   |             |
|    total_timesteps      | 460000      |
| train/                  |             |
|    approx_kl            | 0.014069714 |
|    clip_fraction        | 0.185       |
|    clip_range           | 0.2         |
|    entropy_loss         | -15.6       |
|    explained_variance   | 0.918       |
|    learning_rate        | 0.0003      |
|    loss                 | 76.8        |
|    n_updates            | 280         |
|    policy_gradient_loss | -0.00974    |
|    std                  | 0.886       |
|    value_loss           | 181         |
-----------------------------------------
Eval num_timesteps=470000, episode_reward=1980.67 +/- 3.85
Episode length: 500.00 +/- 0.00
---------------------------------
| eval/              |          |
|    mean_ep_length  | 500      |
|    mean_reward     | 1.98e+03 |
| time/              |          |
|    total_timesteps | 470000   |
---------------------------------
---------------------------------------
| br1/                     |          |
|    episodes_this_rollout | 164      |
|    fall_rate             | 1        |
|    mean_tilt_deg         | 9.82     |
| rollout/                 |          |
|    ep_len_mean           | 100      |
|    ep_rew_mean           | 212      |
| time/                    |          |
|    fps                   | 1061     |
|    iterations            | 29       |
|    time_elapsed          | 447      |
|    total_timesteps       | 475136   |
---------------------------------------
Eval num_timesteps=480000, episode_reward=1695.93 +/- 571.73
Episode length: 432.40 +/- 135.20
-----------------------------------------
| eval/                   |             |
|    mean_ep_length       | 432         |
|    mean_reward          | 1.7e+03     |
| time/                   |             |
|    total_timesteps      | 480000      |
| train/                  |             |
|    approx_kl            | 0.013383861 |
|    clip_fraction        | 0.165       |
|    clip_range           | 0.2         |
|    entropy_loss         | -15.5       |
|    explained_variance   | 0.919       |
|    learning_rate        | 0.0003      |
|    loss                 | 85.1        |
|    n_updates            | 290         |
|    policy_gradient_loss | -0.00783    |
|    std                  | 0.881       |
|    value_loss           | 187         |
-----------------------------------------
Eval num_timesteps=490000, episode_reward=1981.43 +/- 2.29
Episode length: 500.00 +/- 0.00
---------------------------------
| eval/              |          |
|    mean_ep_length  | 500      |
|    mean_reward     | 1.98e+03 |
| time/              |          |
|    total_timesteps | 490000   |
---------------------------------
---------------------------------------
| br1/                     |          |
|    episodes_this_rollout | 167      |
|    fall_rate             | 1        |
|    mean_tilt_deg         | 9.94     |
| rollout/                 |          |
|    ep_len_mean           | 99.5     |
|    ep_rew_mean           | 209      |
| time/                    |          |
|    fps                   | 1055     |
|    iterations            | 30       |
|    time_elapsed          | 465      |
|    total_timesteps       | 491520   |
---------------------------------------
Eval num_timesteps=500000, episode_reward=1979.34 +/- 1.31
Episode length: 500.00 +/- 0.00
-----------------------------------------
| eval/                   |             |
|    mean_ep_length       | 500         |
|    mean_reward          | 1.98e+03    |
| time/                   |             |
|    total_timesteps      | 500000      |
| train/                  |             |
|    approx_kl            | 0.013340682 |
|    clip_fraction        | 0.173       |
|    clip_range           | 0.2         |
|    entropy_loss         | -15.5       |
|    explained_variance   | 0.923       |
|    learning_rate        | 0.0003      |
|    loss                 | 80.6        |
|    n_updates            | 300         |
|    policy_gradient_loss | -0.008      |
|    std                  | 0.879       |
|    value_loss           | 173         |
-----------------------------------------
---------------------------------------
| br1/                     |          |
|    episodes_this_rollout | 156      |
|    fall_rate             | 1        |
|    mean_tilt_deg         | 9.52     |
| rollout/                 |          |
|    ep_len_mean           | 104      |
|    ep_rew_mean           | 221      |
| time/                    |          |
|    fps                   | 1050     |
|    iterations            | 31       |
|    time_elapsed          | 483      |
|    total_timesteps       | 507904   |
---------------------------------------
Eval num_timesteps=510000, episode_reward=1979.24 +/- 3.63
Episode length: 500.00 +/- 0.00
-----------------------------------------
| eval/                   |             |
|    mean_ep_length       | 500         |
|    mean_reward          | 1.98e+03    |
| time/                   |             |
|    total_timesteps      | 510000      |
| train/                  |             |
|    approx_kl            | 0.013603281 |
|    clip_fraction        | 0.173       |
|    clip_range           | 0.2         |
|    entropy_loss         | -15.4       |
|    explained_variance   | 0.919       |
|    learning_rate        | 0.0003      |
|    loss                 | 81.6        |
|    n_updates            | 310         |
|    policy_gradient_loss | -0.00842    |
|    std                  | 0.873       |
|    value_loss           | 184         |
-----------------------------------------
Eval num_timesteps=520000, episode_reward=1977.71 +/- 2.81
Episode length: 500.00 +/- 0.00
---------------------------------
| eval/              |          |
|    mean_ep_length  | 500      |
|    mean_reward     | 1.98e+03 |
| time/              |          |
|    total_timesteps | 520000   |
---------------------------------
---------------------------------------
| br1/                     |          |
|    episodes_this_rollout | 158      |
|    fall_rate             | 1        |
|    mean_tilt_deg         | 9.62     |
| rollout/                 |          |
|    ep_len_mean           | 102      |
|    ep_rew_mean           | 214      |
| time/                    |          |
|    fps                   | 1036     |
|    iterations            | 32       |
|    time_elapsed          | 505      |
|    total_timesteps       | 524288   |
---------------------------------------
Eval num_timesteps=530000, episode_reward=1979.27 +/- 2.38
Episode length: 500.00 +/- 0.00
-----------------------------------------
| eval/                   |             |
|    mean_ep_length       | 500         |
|    mean_reward          | 1.98e+03    |
| time/                   |             |
|    total_timesteps      | 530000      |
| train/                  |             |
|    approx_kl            | 0.013184652 |
|    clip_fraction        | 0.176       |
|    clip_range           | 0.2         |
|    entropy_loss         | -15.3       |
|    explained_variance   | 0.922       |
|    learning_rate        | 0.0003      |
|    loss                 | 86.8        |
|    n_updates            | 320         |
|    policy_gradient_loss | -0.00795    |
|    std                  | 0.87        |
|    value_loss           | 188         |
-----------------------------------------
Eval num_timesteps=540000, episode_reward=1975.79 +/- 3.90
Episode length: 500.00 +/- 0.00
---------------------------------
| eval/              |          |
|    mean_ep_length  | 500      |
|    mean_reward     | 1.98e+03 |
| time/              |          |
|    total_timesteps | 540000   |
---------------------------------
---------------------------------------
| br1/                     |          |
|    episodes_this_rollout | 153      |
|    fall_rate             | 1        |
|    mean_tilt_deg         | 9.39     |
| rollout/                 |          |
|    ep_len_mean           | 111      |
|    ep_rew_mean           | 238      |
| time/                    |          |
|    fps                   | 1026     |
|    iterations            | 33       |
|    time_elapsed          | 526      |
|    total_timesteps       | 540672   |
---------------------------------------
Eval num_timesteps=550000, episode_reward=1975.25 +/- 3.67
Episode length: 500.00 +/- 0.00
-----------------------------------------
| eval/                   |             |
|    mean_ep_length       | 500         |
|    mean_reward          | 1.98e+03    |
| time/                   |             |
|    total_timesteps      | 550000      |
| train/                  |             |
|    approx_kl            | 0.012856842 |
|    clip_fraction        | 0.165       |
|    clip_range           | 0.2         |
|    entropy_loss         | -15.3       |
|    explained_variance   | 0.923       |
|    learning_rate        | 0.0003      |
|    loss                 | 82.3        |
|    n_updates            | 330         |
|    policy_gradient_loss | -0.00693    |
|    std                  | 0.868       |
|    value_loss           | 195         |
-----------------------------------------
---------------------------------------
| br1/                     |          |
|    episodes_this_rollout | 147      |
|    fall_rate             | 1        |
|    mean_tilt_deg         | 9.08     |
| rollout/                 |          |
|    ep_len_mean           | 111      |
|    ep_rew_mean           | 238      |
| time/                    |          |
|    fps                   | 1025     |
|    iterations            | 34       |
|    time_elapsed          | 543      |
|    total_timesteps       | 557056   |
---------------------------------------
Eval num_timesteps=560000, episode_reward=1977.30 +/- 5.17
Episode length: 500.00 +/- 0.00
-----------------------------------------
| eval/                   |             |
|    mean_ep_length       | 500         |
|    mean_reward          | 1.98e+03    |
| time/                   |             |
|    total_timesteps      | 560000      |
| train/                  |             |
|    approx_kl            | 0.013802292 |
|    clip_fraction        | 0.174       |
|    clip_range           | 0.2         |
|    entropy_loss         | -15.3       |
|    explained_variance   | 0.922       |
|    learning_rate        | 0.0003      |
|    loss                 | 104         |
|    n_updates            | 340         |
|    policy_gradient_loss | -0.00758    |
|    std                  | 0.864       |
|    value_loss           | 201         |
-----------------------------------------
Eval num_timesteps=570000, episode_reward=1975.81 +/- 5.87
Episode length: 500.00 +/- 0.00
---------------------------------
| eval/              |          |
|    mean_ep_length  | 500      |
|    mean_reward     | 1.98e+03 |
| time/              |          |
|    total_timesteps | 570000   |
---------------------------------
---------------------------------------
| br1/                     |          |
|    episodes_this_rollout | 140      |
|    fall_rate             | 1        |
|    mean_tilt_deg         | 8.86     |
| rollout/                 |          |
|    ep_len_mean           | 117      |
|    ep_rew_mean           | 252      |
| time/                    |          |
|    fps                   | 1018     |
|    iterations            | 35       |
|    time_elapsed          | 562      |
|    total_timesteps       | 573440   |
---------------------------------------
Eval num_timesteps=580000, episode_reward=1976.15 +/- 3.87
Episode length: 500.00 +/- 0.00
-----------------------------------------
| eval/                   |             |
|    mean_ep_length       | 500         |
|    mean_reward          | 1.98e+03    |
| time/                   |             |
|    total_timesteps      | 580000      |
| train/                  |             |
|    approx_kl            | 0.013309001 |
|    clip_fraction        | 0.167       |
|    clip_range           | 0.2         |
|    entropy_loss         | -15.2       |
|    explained_variance   | 0.917       |
|    learning_rate        | 0.0003      |
|    loss                 | 125         |
|    n_updates            | 350         |
|    policy_gradient_loss | -0.00737    |
|    std                  | 0.861       |
|    value_loss           | 218         |
-----------------------------------------
---------------------------------------
| br1/                     |          |
|    episodes_this_rollout | 147      |
|    fall_rate             | 1        |
|    mean_tilt_deg         | 9.08     |
| rollout/                 |          |
|    ep_len_mean           | 111      |
|    ep_rew_mean           | 236      |
| time/                    |          |
|    fps                   | 1018     |
|    iterations            | 36       |
|    time_elapsed          | 579      |
|    total_timesteps       | 589824   |
---------------------------------------
Eval num_timesteps=590000, episode_reward=1973.89 +/- 3.17
Episode length: 500.00 +/- 0.00
-----------------------------------------
| eval/                   |             |
|    mean_ep_length       | 500         |
|    mean_reward          | 1.97e+03    |
| time/                   |             |
|    total_timesteps      | 590000      |
| train/                  |             |
|    approx_kl            | 0.014910316 |
|    clip_fraction        | 0.188       |
|    clip_range           | 0.2         |
|    entropy_loss         | -15.2       |
|    explained_variance   | 0.923       |
|    learning_rate        | 0.0003      |
|    loss                 | 101         |
|    n_updates            | 360         |
|    policy_gradient_loss | -0.00832    |
|    std                  | 0.856       |
|    value_loss           | 211         |
-----------------------------------------
Eval num_timesteps=600000, episode_reward=1977.91 +/- 2.58
Episode length: 500.00 +/- 0.00
---------------------------------
| eval/              |          |
|    mean_ep_length  | 500      |
|    mean_reward     | 1.98e+03 |
| time/              |          |
|    total_timesteps | 600000   |
---------------------------------
---------------------------------------
| br1/                     |          |
|    episodes_this_rollout | 141      |
|    fall_rate             | 1        |
|    mean_tilt_deg         | 8.94     |
| rollout/                 |          |
|    ep_len_mean           | 119      |
|    ep_rew_mean           | 255      |
| time/                    |          |
|    fps                   | 1010     |
|    iterations            | 37       |
|    time_elapsed          | 599      |
|    total_timesteps       | 606208   |
---------------------------------------
Eval num_timesteps=610000, episode_reward=1973.08 +/- 5.57
Episode length: 500.00 +/- 0.00
-----------------------------------------
| eval/                   |             |
|    mean_ep_length       | 500         |
|    mean_reward          | 1.97e+03    |
| time/                   |             |
|    total_timesteps      | 610000      |
| train/                  |             |
|    approx_kl            | 0.014219266 |
|    clip_fraction        | 0.183       |
|    clip_range           | 0.2         |
|    entropy_loss         | -15.1       |
|    explained_variance   | 0.919       |
|    learning_rate        | 0.0003      |
|    loss                 | 115         |
|    n_updates            | 370         |
|    policy_gradient_loss | -0.00722    |
|    std                  | 0.85        |
|    value_loss           | 221         |
-----------------------------------------
Eval num_timesteps=620000, episode_reward=1976.84 +/- 5.43
Episode length: 500.00 +/- 0.00
---------------------------------
| eval/              |          |
|    mean_ep_length  | 500      |
|    mean_reward     | 1.98e+03 |
| time/              |          |
|    total_timesteps | 620000   |
---------------------------------
---------------------------------------
| br1/                     |          |
|    episodes_this_rollout | 138      |
|    fall_rate             | 1        |
|    mean_tilt_deg         | 8.77     |
| rollout/                 |          |
|    ep_len_mean           | 121      |
|    ep_rew_mean           | 263      |
| time/                    |          |
|    fps                   | 1004     |
|    iterations            | 38       |
|    time_elapsed          | 619      |
|    total_timesteps       | 622592   |
---------------------------------------
Eval num_timesteps=630000, episode_reward=1973.28 +/- 5.40
Episode length: 500.00 +/- 0.00
-----------------------------------------
| eval/                   |             |
|    mean_ep_length       | 500         |
|    mean_reward          | 1.97e+03    |
| time/                   |             |
|    total_timesteps      | 630000      |
| train/                  |             |
|    approx_kl            | 0.013259074 |
|    clip_fraction        | 0.178       |
|    clip_range           | 0.2         |
|    entropy_loss         | -15         |
|    explained_variance   | 0.922       |
|    learning_rate        | 0.0003      |
|    loss                 | 100         |
|    n_updates            | 380         |
|    policy_gradient_loss | -0.00759    |
|    std                  | 0.848       |
|    value_loss           | 217         |
-----------------------------------------
---------------------------------------
| br1/                     |          |
|    episodes_this_rollout | 138      |
|    fall_rate             | 1        |
|    mean_tilt_deg         | 8.6      |
| rollout/                 |          |
|    ep_len_mean           | 116      |
|    ep_rew_mean           | 249      |
| time/                    |          |
|    fps                   | 1003     |
|    iterations            | 39       |
|    time_elapsed          | 636      |
|    total_timesteps       | 638976   |
---------------------------------------
Eval num_timesteps=640000, episode_reward=1966.37 +/- 2.87
Episode length: 500.00 +/- 0.00
---------------------------------------
| eval/                   |           |
|    mean_ep_length       | 500       |
|    mean_reward          | 1.97e+03  |
| time/                   |           |
|    total_timesteps      | 640000    |
| train/                  |           |
|    approx_kl            | 0.0137056 |
|    clip_fraction        | 0.175     |
|    clip_range           | 0.2       |
|    entropy_loss         | -15       |
|    explained_variance   | 0.916     |
|    learning_rate        | 0.0003    |
|    loss                 | 100       |
|    n_updates            | 390       |
|    policy_gradient_loss | -0.00783  |
|    std                  | 0.843     |
|    value_loss           | 240       |
---------------------------------------
Eval num_timesteps=650000, episode_reward=1971.78 +/- 10.96
Episode length: 500.00 +/- 0.00
---------------------------------
| eval/              |          |
|    mean_ep_length  | 500      |
|    mean_reward     | 1.97e+03 |
| time/              |          |
|    total_timesteps | 650000   |
---------------------------------
---------------------------------------
| br1/                     |          |
|    episodes_this_rollout | 127      |
|    fall_rate             | 1        |
|    mean_tilt_deg         | 8.29     |
| rollout/                 |          |
|    ep_len_mean           | 128      |
|    ep_rew_mean           | 280      |
| time/                    |          |
|    fps                   | 997      |
|    iterations            | 40       |
|    time_elapsed          | 657      |
|    total_timesteps       | 655360   |
---------------------------------------
Eval num_timesteps=660000, episode_reward=1960.19 +/- 3.68
Episode length: 500.00 +/- 0.00
-----------------------------------------
| eval/                   |             |
|    mean_ep_length       | 500         |
|    mean_reward          | 1.96e+03    |
| time/                   |             |
|    total_timesteps      | 660000      |
| train/                  |             |
|    approx_kl            | 0.014072963 |
|    clip_fraction        | 0.179       |
|    clip_range           | 0.2         |
|    entropy_loss         | -14.9       |
|    explained_variance   | 0.912       |
|    learning_rate        | 0.0003      |
|    loss                 | 115         |
|    n_updates            | 400         |
|    policy_gradient_loss | -0.00817    |
|    std                  | 0.841       |
|    value_loss           | 252         |
-----------------------------------------
Eval num_timesteps=670000, episode_reward=1967.48 +/- 6.04
Episode length: 500.00 +/- 0.00
---------------------------------
| eval/              |          |
|    mean_ep_length  | 500      |
|    mean_reward     | 1.97e+03 |
| time/              |          |
|    total_timesteps | 670000   |
---------------------------------
---------------------------------------
| br1/                     |          |
|    episodes_this_rollout | 122      |
|    fall_rate             | 1        |
|    mean_tilt_deg         | 8.27     |
| rollout/                 |          |
|    ep_len_mean           | 134      |
|    ep_rew_mean           | 295      |
| time/                    |          |
|    fps                   | 991      |
|    iterations            | 41       |
|    time_elapsed          | 677      |
|    total_timesteps       | 671744   |
---------------------------------------
Eval num_timesteps=680000, episode_reward=1966.58 +/- 5.53
Episode length: 500.00 +/- 0.00
------------------------------------------
| eval/                   |              |
|    mean_ep_length       | 500          |
|    mean_reward          | 1.97e+03     |
| time/                   |              |
|    total_timesteps      | 680000       |
| train/                  |              |
|    approx_kl            | 0.0134939505 |
|    clip_fraction        | 0.173        |
|    clip_range           | 0.2          |
|    entropy_loss         | -14.9        |
|    explained_variance   | 0.911        |
|    learning_rate        | 0.0003       |
|    loss                 | 134          |
|    n_updates            | 410          |
|    policy_gradient_loss | -0.00651     |
|    std                  | 0.839        |
|    value_loss           | 265          |
------------------------------------------
---------------------------------------
| br1/                     |          |
|    episodes_this_rollout | 124      |
|    fall_rate             | 1        |
|    mean_tilt_deg         | 8.51     |
| rollout/                 |          |
|    ep_len_mean           | 133      |
|    ep_rew_mean           | 294      |
| time/                    |          |
|    fps                   | 990      |
|    iterations            | 42       |
|    time_elapsed          | 694      |
|    total_timesteps       | 688128   |
---------------------------------------
Eval num_timesteps=690000, episode_reward=1963.32 +/- 12.15
Episode length: 500.00 +/- 0.00
-----------------------------------------
| eval/                   |             |
|    mean_ep_length       | 500         |
|    mean_reward          | 1.96e+03    |
| time/                   |             |
|    total_timesteps      | 690000      |
| train/                  |             |
|    approx_kl            | 0.013377713 |
|    clip_fraction        | 0.18        |
|    clip_range           | 0.2         |
|    entropy_loss         | -14.9       |
|    explained_variance   | 0.913       |
|    learning_rate        | 0.0003      |
|    loss                 | 95.8        |
|    n_updates            | 420         |
|    policy_gradient_loss | -0.00668    |
|    std                  | 0.835       |
|    value_loss           | 266         |
-----------------------------------------
Eval num_timesteps=700000, episode_reward=1968.42 +/- 7.03
Episode length: 500.00 +/- 0.00
---------------------------------
| eval/              |          |
|    mean_ep_length  | 500      |
|    mean_reward     | 1.97e+03 |
| time/              |          |
|    total_timesteps | 700000   |
---------------------------------
---------------------------------------
| br1/                     |          |
|    episodes_this_rollout | 118      |
|    fall_rate             | 1        |
|    mean_tilt_deg         | 8.19     |
| rollout/                 |          |
|    ep_len_mean           | 139      |
|    ep_rew_mean           | 310      |
| time/                    |          |
|    fps                   | 985      |
|    iterations            | 43       |
|    time_elapsed          | 714      |
|    total_timesteps       | 704512   |
---------------------------------------
Eval num_timesteps=710000, episode_reward=1962.24 +/- 6.70
Episode length: 500.00 +/- 0.00
-----------------------------------------
| eval/                   |             |
|    mean_ep_length       | 500         |
|    mean_reward          | 1.96e+03    |
| time/                   |             |
|    total_timesteps      | 710000      |
| train/                  |             |
|    approx_kl            | 0.014692899 |
|    clip_fraction        | 0.189       |
|    clip_range           | 0.2         |
|    entropy_loss         | -14.8       |
|    explained_variance   | 0.913       |
|    learning_rate        | 0.0003      |
|    loss                 | 117         |
|    n_updates            | 430         |
|    policy_gradient_loss | -0.00843    |
|    std                  | 0.831       |
|    value_loss           | 276         |
-----------------------------------------
Eval num_timesteps=720000, episode_reward=1972.70 +/- 7.61
Episode length: 500.00 +/- 0.00
---------------------------------
| eval/              |          |
|    mean_ep_length  | 500      |
|    mean_reward     | 1.97e+03 |
| time/              |          |
|    total_timesteps | 720000   |
---------------------------------
---------------------------------------
| br1/                     |          |
|    episodes_this_rollout | 114      |
|    fall_rate             | 1        |
|    mean_tilt_deg         | 7.98     |
| rollout/                 |          |
|    ep_len_mean           | 145      |
|    ep_rew_mean           | 323      |
| time/                    |          |
|    fps                   | 979      |
|    iterations            | 44       |
|    time_elapsed          | 736      |
|    total_timesteps       | 720896   |
---------------------------------------
Eval num_timesteps=730000, episode_reward=1960.32 +/- 8.53
Episode length: 500.00 +/- 0.00
-----------------------------------------
| eval/                   |             |
|    mean_ep_length       | 500         |
|    mean_reward          | 1.96e+03    |
| time/                   |             |
|    total_timesteps      | 730000      |
| train/                  |             |
|    approx_kl            | 0.015419392 |
|    clip_fraction        | 0.192       |
|    clip_range           | 0.2         |
|    entropy_loss         | -14.7       |
|    explained_variance   | 0.916       |
|    learning_rate        | 0.0003      |
|    loss                 | 129         |
|    n_updates            | 440         |
|    policy_gradient_loss | -0.00815    |
|    std                  | 0.826       |
|    value_loss           | 274         |
-----------------------------------------
---------------------------------------
| br1/                     |          |
|    episodes_this_rollout | 97       |
|    fall_rate             | 1        |
|    mean_tilt_deg         | 7.48     |
| rollout/                 |          |
|    ep_len_mean           | 166      |
|    ep_rew_mean           | 377      |
| time/                    |          |
|    fps                   | 977      |
|    iterations            | 45       |
|    time_elapsed          | 754      |
|    total_timesteps       | 737280   |
---------------------------------------
Eval num_timesteps=740000, episode_reward=1963.31 +/- 6.49
Episode length: 500.00 +/- 0.00
-----------------------------------------
| eval/                   |             |
|    mean_ep_length       | 500         |
|    mean_reward          | 1.96e+03    |
| time/                   |             |
|    total_timesteps      | 740000      |
| train/                  |             |
|    approx_kl            | 0.013537731 |
|    clip_fraction        | 0.174       |
|    clip_range           | 0.2         |
|    entropy_loss         | -14.7       |
|    explained_variance   | 0.908       |
|    learning_rate        | 0.0003      |
|    loss                 | 136         |
|    n_updates            | 450         |
|    policy_gradient_loss | -0.00711    |
|    std                  | 0.822       |
|    value_loss           | 297         |
-----------------------------------------
Eval num_timesteps=750000, episode_reward=1965.77 +/- 6.15
Episode length: 500.00 +/- 0.00
---------------------------------
| eval/              |          |
|    mean_ep_length  | 500      |
|    mean_reward     | 1.97e+03 |
| time/              |          |
|    total_timesteps | 750000   |
---------------------------------
---------------------------------------
| br1/                     |          |
|    episodes_this_rollout | 105      |
|    fall_rate             | 0.99     |
|    mean_tilt_deg         | 7.79     |
| rollout/                 |          |
|    ep_len_mean           | 158      |
|    ep_rew_mean           | 356      |
| time/                    |          |
|    fps                   | 971      |
|    iterations            | 46       |
|    time_elapsed          | 776      |
|    total_timesteps       | 753664   |
---------------------------------------
Eval num_timesteps=760000, episode_reward=1967.09 +/- 9.21
Episode length: 500.00 +/- 0.00
-----------------------------------------
| eval/                   |             |
|    mean_ep_length       | 500         |
|    mean_reward          | 1.97e+03    |
| time/                   |             |
|    total_timesteps      | 760000      |
| train/                  |             |
|    approx_kl            | 0.013515671 |
|    clip_fraction        | 0.181       |
|    clip_range           | 0.2         |
|    entropy_loss         | -14.6       |
|    explained_variance   | 0.904       |
|    learning_rate        | 0.0003      |
|    loss                 | 140         |
|    n_updates            | 460         |
|    policy_gradient_loss | -0.00785    |
|    std                  | 0.82        |
|    value_loss           | 330         |
-----------------------------------------
Eval num_timesteps=770000, episode_reward=1954.29 +/- 6.61
Episode length: 500.00 +/- 0.00
---------------------------------
| eval/              |          |
|    mean_ep_length  | 500      |
|    mean_reward     | 1.95e+03 |
| time/              |          |
|    total_timesteps | 770000   |
---------------------------------
---------------------------------------
| br1/                     |          |
|    episodes_this_rollout | 99       |
|    fall_rate             | 0.99     |
|    mean_tilt_deg         | 7.44     |
| rollout/                 |          |
|    ep_len_mean           | 163      |
|    ep_rew_mean           | 368      |
| time/                    |          |
|    fps                   | 966      |
|    iterations            | 47       |
|    time_elapsed          | 796      |
|    total_timesteps       | 770048   |
---------------------------------------
Eval num_timesteps=780000, episode_reward=1960.63 +/- 5.79
Episode length: 500.00 +/- 0.00
-----------------------------------------
| eval/                   |             |
|    mean_ep_length       | 500         |
|    mean_reward          | 1.96e+03    |
| time/                   |             |
|    total_timesteps      | 780000      |
| train/                  |             |
|    approx_kl            | 0.013784317 |
|    clip_fraction        | 0.182       |
|    clip_range           | 0.2         |
|    entropy_loss         | -14.6       |
|    explained_variance   | 0.906       |
|    learning_rate        | 0.0003      |
|    loss                 | 156         |
|    n_updates            | 470         |
|    policy_gradient_loss | -0.0068     |
|    std                  | 0.815       |
|    value_loss           | 331         |
-----------------------------------------
---------------------------------------
| br1/                     |          |
|    episodes_this_rollout | 99       |
|    fall_rate             | 1        |
|    mean_tilt_deg         | 7.28     |
| rollout/                 |          |
|    ep_len_mean           | 170      |
|    ep_rew_mean           | 386      |
| time/                    |          |
|    fps                   | 967      |
|    iterations            | 48       |
|    time_elapsed          | 813      |
|    total_timesteps       | 786432   |
---------------------------------------
Eval num_timesteps=790000, episode_reward=1966.06 +/- 4.50
Episode length: 500.00 +/- 0.00
-----------------------------------------
| eval/                   |             |
|    mean_ep_length       | 500         |
|    mean_reward          | 1.97e+03    |
| time/                   |             |
|    total_timesteps      | 790000      |
| train/                  |             |
|    approx_kl            | 0.014453057 |
|    clip_fraction        | 0.183       |
|    clip_range           | 0.2         |
|    entropy_loss         | -14.5       |
|    explained_variance   | 0.91        |
|    learning_rate        | 0.0003      |
|    loss                 | 135         |
|    n_updates            | 480         |
|    policy_gradient_loss | -0.00689    |
|    std                  | 0.81        |
|    value_loss           | 326         |
-----------------------------------------
Eval num_timesteps=800000, episode_reward=1971.49 +/- 8.85
Episode length: 500.00 +/- 0.00
---------------------------------
| eval/              |          |
|    mean_ep_length  | 500      |
|    mean_reward     | 1.97e+03 |
| time/              |          |
|    total_timesteps | 800000   |
---------------------------------
---------------------------------------
| br1/                     |          |
|    episodes_this_rollout | 89       |
|    fall_rate             | 0.989    |
|    mean_tilt_deg         | 7.11     |
| rollout/                 |          |
|    ep_len_mean           | 184      |
|    ep_rew_mean           | 422      |
| time/                    |          |
|    fps                   | 963      |
|    iterations            | 49       |
|    time_elapsed          | 832      |
|    total_timesteps       | 802816   |
---------------------------------------
Eval num_timesteps=810000, episode_reward=1970.84 +/- 9.30
Episode length: 500.00 +/- 0.00
-----------------------------------------
| eval/                   |             |
|    mean_ep_length       | 500         |
|    mean_reward          | 1.97e+03    |
| time/                   |             |
|    total_timesteps      | 810000      |
| train/                  |             |
|    approx_kl            | 0.013728133 |
|    clip_fraction        | 0.186       |
|    clip_range           | 0.2         |
|    entropy_loss         | -14.4       |
|    explained_variance   | 0.899       |
|    learning_rate        | 0.0003      |
|    loss                 | 150         |
|    n_updates            | 490         |
|    policy_gradient_loss | -0.00754    |
|    std                  | 0.806       |
|    value_loss           | 360         |
-----------------------------------------
---------------------------------------
| br1/                     |          |
|    episodes_this_rollout | 79       |
|    fall_rate             | 0.975    |
|    mean_tilt_deg         | 6.69     |
| rollout/                 |          |
|    ep_len_mean           | 195      |
|    ep_rew_mean           | 453      |
| time/                    |          |
|    fps                   | 964      |
|    iterations            | 50       |
|    time_elapsed          | 849      |
|    total_timesteps       | 819200   |
---------------------------------------
Eval num_timesteps=820000, episode_reward=1969.90 +/- 8.66
Episode length: 500.00 +/- 0.00
-----------------------------------------
| eval/                   |             |
|    mean_ep_length       | 500         |
|    mean_reward          | 1.97e+03    |
| time/                   |             |
|    total_timesteps      | 820000      |
| train/                  |             |
|    approx_kl            | 0.013550131 |
|    clip_fraction        | 0.177       |
|    clip_range           | 0.2         |
|    entropy_loss         | -14.4       |
|    explained_variance   | 0.899       |
|    learning_rate        | 0.0003      |
|    loss                 | 139         |
|    n_updates            | 500         |
|    policy_gradient_loss | -0.00646    |
|    std                  | 0.801       |
|    value_loss           | 341         |
-----------------------------------------
Eval num_timesteps=830000, episode_reward=1969.98 +/- 7.58
Episode length: 500.00 +/- 0.00
---------------------------------
| eval/              |          |
|    mean_ep_length  | 500      |
|    mean_reward     | 1.97e+03 |
| time/              |          |
|    total_timesteps | 830000   |
---------------------------------
---------------------------------------
| br1/                     |          |
|    episodes_this_rollout | 79       |
|    fall_rate             | 0.987    |
|    mean_tilt_deg         | 6.63     |
| rollout/                 |          |
|    ep_len_mean           | 207      |
|    ep_rew_mean           | 481      |
| time/                    |          |
|    fps                   | 961      |
|    iterations            | 51       |
|    time_elapsed          | 869      |
|    total_timesteps       | 835584   |
---------------------------------------
Eval num_timesteps=840000, episode_reward=1977.45 +/- 5.69
Episode length: 500.00 +/- 0.00
----------------------------------------
| eval/                   |            |
|    mean_ep_length       | 500        |
|    mean_reward          | 1.98e+03   |
| time/                   |            |
|    total_timesteps      | 840000     |
| train/                  |            |
|    approx_kl            | 0.01500504 |
|    clip_fraction        | 0.192      |
|    clip_range           | 0.2        |
|    entropy_loss         | -14.3      |
|    explained_variance   | 0.907      |
|    learning_rate        | 0.0003     |
|    loss                 | 185        |
|    n_updates            | 510        |
|    policy_gradient_loss | -0.00815   |
|    std                  | 0.797      |
|    value_loss           | 347        |
----------------------------------------
Eval num_timesteps=850000, episode_reward=1971.17 +/- 3.95
Episode length: 500.00 +/- 0.00
---------------------------------
| eval/              |          |
|    mean_ep_length  | 500      |
|    mean_reward     | 1.97e+03 |
| time/              |          |
|    total_timesteps | 850000   |
---------------------------------
---------------------------------------
| br1/                     |          |
|    episodes_this_rollout | 73       |
|    fall_rate             | 0.932    |
|    mean_tilt_deg         | 6.38     |
| rollout/                 |          |
|    ep_len_mean           | 222      |
|    ep_rew_mean           | 520      |
| time/                    |          |
|    fps                   | 958      |
|    iterations            | 52       |
|    time_elapsed          | 889      |
|    total_timesteps       | 851968   |
---------------------------------------
Eval num_timesteps=860000, episode_reward=1965.03 +/- 10.99
Episode length: 500.00 +/- 0.00
-----------------------------------------
| eval/                   |             |
|    mean_ep_length       | 500         |
|    mean_reward          | 1.97e+03    |
| time/                   |             |
|    total_timesteps      | 860000      |
| train/                  |             |
|    approx_kl            | 0.014460022 |
|    clip_fraction        | 0.188       |
|    clip_range           | 0.2         |
|    entropy_loss         | -14.2       |
|    explained_variance   | 0.899       |
|    learning_rate        | 0.0003      |
|    loss                 | 187         |
|    n_updates            | 520         |
|    policy_gradient_loss | -0.00721    |
|    std                  | 0.793       |
|    value_loss           | 366         |
-----------------------------------------
---------------------------------------
| br1/                     |          |
|    episodes_this_rollout | 71       |
|    fall_rate             | 0.958    |
|    mean_tilt_deg         | 6.38     |
| rollout/                 |          |
|    ep_len_mean           | 221      |
|    ep_rew_mean           | 518      |
| time/                    |          |
|    fps                   | 959      |
|    iterations            | 53       |
|    time_elapsed          | 905      |
|    total_timesteps       | 868352   |
---------------------------------------
Eval num_timesteps=870000, episode_reward=1967.35 +/- 9.92
Episode length: 500.00 +/- 0.00
-----------------------------------------
| eval/                   |             |
|    mean_ep_length       | 500         |
|    mean_reward          | 1.97e+03    |
| time/                   |             |
|    total_timesteps      | 870000      |
| train/                  |             |
|    approx_kl            | 0.014512326 |
|    clip_fraction        | 0.204       |
|    clip_range           | 0.2         |
|    entropy_loss         | -14.2       |
|    explained_variance   | 0.903       |
|    learning_rate        | 0.0003      |
|    loss                 | 199         |
|    n_updates            | 530         |
|    policy_gradient_loss | -0.00828    |
|    std                  | 0.789       |
|    value_loss           | 354         |
-----------------------------------------
Eval num_timesteps=880000, episode_reward=1973.29 +/- 2.86
Episode length: 500.00 +/- 0.00
---------------------------------
| eval/              |          |
|    mean_ep_length  | 500      |
|    mean_reward     | 1.97e+03 |
| time/              |          |
|    total_timesteps | 880000   |
---------------------------------
---------------------------------------
| br1/                     |          |
|    episodes_this_rollout | 69       |
|    fall_rate             | 0.928    |
|    mean_tilt_deg         | 6.34     |
| rollout/                 |          |
|    ep_len_mean           | 238      |
|    ep_rew_mean           | 561      |
| time/                    |          |
|    fps                   | 956      |
|    iterations            | 54       |
|    time_elapsed          | 924      |
|    total_timesteps       | 884736   |
---------------------------------------
Eval num_timesteps=890000, episode_reward=1963.58 +/- 9.55
Episode length: 500.00 +/- 0.00
------------------------------------------
| eval/                   |              |
|    mean_ep_length       | 500          |
|    mean_reward          | 1.96e+03     |
| time/                   |              |
|    total_timesteps      | 890000       |
| train/                  |              |
|    approx_kl            | 0.0144504225 |
|    clip_fraction        | 0.192        |
|    clip_range           | 0.2          |
|    entropy_loss         | -14.1        |
|    explained_variance   | 0.904        |
|    learning_rate        | 0.0003       |
|    loss                 | 177          |
|    n_updates            | 540          |
|    policy_gradient_loss | -0.0069      |
|    std                  | 0.785        |
|    value_loss           | 372          |
------------------------------------------
Eval num_timesteps=900000, episode_reward=1967.78 +/- 7.22
Episode length: 500.00 +/- 0.00
---------------------------------
| eval/              |          |
|    mean_ep_length  | 500      |
|    mean_reward     | 1.97e+03 |
| time/              |          |
|    total_timesteps | 900000   |
---------------------------------
---------------------------------------
| br1/                     |          |
|    episodes_this_rollout | 67       |
|    fall_rate             | 0.925    |
|    mean_tilt_deg         | 6.13     |
| rollout/                 |          |
|    ep_len_mean           | 240      |
|    ep_rew_mean           | 566      |
| time/                    |          |
|    fps                   | 953      |
|    iterations            | 55       |
|    time_elapsed          | 945      |
|    total_timesteps       | 901120   |
---------------------------------------
Eval num_timesteps=910000, episode_reward=1972.85 +/- 5.50
Episode length: 500.00 +/- 0.00
----------------------------------------
| eval/                   |            |
|    mean_ep_length       | 500        |
|    mean_reward          | 1.97e+03   |
| time/                   |            |
|    total_timesteps      | 910000     |
| train/                  |            |
|    approx_kl            | 0.01615673 |
|    clip_fraction        | 0.197      |
|    clip_range           | 0.2        |
|    entropy_loss         | -14.1      |
|    explained_variance   | 0.903      |
|    learning_rate        | 0.0003     |
|    loss                 | 168        |
|    n_updates            | 550        |
|    policy_gradient_loss | -0.00593   |
|    std                  | 0.783      |
|    value_loss           | 367        |
----------------------------------------
---------------------------------------
| br1/                     |          |
|    episodes_this_rollout | 60       |
|    fall_rate             | 0.867    |
|    mean_tilt_deg         | 5.75     |
| rollout/                 |          |
|    ep_len_mean           | 261      |
|    ep_rew_mean           | 623      |
| time/                    |          |
|    fps                   | 954      |
|    iterations            | 56       |
|    time_elapsed          | 961      |
|    total_timesteps       | 917504   |
---------------------------------------
Eval num_timesteps=920000, episode_reward=1969.52 +/- 4.53
Episode length: 500.00 +/- 0.00
-----------------------------------------
| eval/                   |             |
|    mean_ep_length       | 500         |
|    mean_reward          | 1.97e+03    |
| time/                   |             |
|    total_timesteps      | 920000      |
| train/                  |             |
|    approx_kl            | 0.017055258 |
|    clip_fraction        | 0.216       |
|    clip_range           | 0.2         |
|    entropy_loss         | -14         |
|    explained_variance   | 0.882       |
|    learning_rate        | 0.0003      |
|    loss                 | 177         |
|    n_updates            | 560         |
|    policy_gradient_loss | -0.00849    |
|    std                  | 0.777       |
|    value_loss           | 395         |
-----------------------------------------
Eval num_timesteps=930000, episode_reward=1974.33 +/- 7.95
Episode length: 500.00 +/- 0.00
---------------------------------
| eval/              |          |
|    mean_ep_length  | 500      |
|    mean_reward     | 1.97e+03 |
| time/              |          |
|    total_timesteps | 930000   |
---------------------------------
---------------------------------------
| br1/                     |          |
|    episodes_this_rollout | 57       |
|    fall_rate             | 0.877    |
|    mean_tilt_deg         | 5.51     |
| rollout/                 |          |
|    ep_len_mean           | 271      |
|    ep_rew_mean           | 649      |
| time/                    |          |
|    fps                   | 951      |
|    iterations            | 57       |
|    time_elapsed          | 981      |
|    total_timesteps       | 933888   |
---------------------------------------
Eval num_timesteps=940000, episode_reward=1969.33 +/- 6.62
Episode length: 500.00 +/- 0.00
-----------------------------------------
| eval/                   |             |
|    mean_ep_length       | 500         |
|    mean_reward          | 1.97e+03    |
| time/                   |             |
|    total_timesteps      | 940000      |
| train/                  |             |
|    approx_kl            | 0.015854936 |
|    clip_fraction        | 0.214       |
|    clip_range           | 0.2         |
|    entropy_loss         | -13.9       |
|    explained_variance   | 0.906       |
|    learning_rate        | 0.0003      |
|    loss                 | 152         |
|    n_updates            | 570         |
|    policy_gradient_loss | -0.00597    |
|    std                  | 0.773       |
|    value_loss           | 313         |
-----------------------------------------
Eval num_timesteps=950000, episode_reward=1971.81 +/- 3.95
Episode length: 500.00 +/- 0.00
---------------------------------
| eval/              |          |
|    mean_ep_length  | 500      |
|    mean_reward     | 1.97e+03 |
| time/              |          |
|    total_timesteps | 950000   |
---------------------------------
---------------------------------------
| br1/                     |          |
|    episodes_this_rollout | 47       |
|    fall_rate             | 0.745    |
|    mean_tilt_deg         | 5.2      |
| rollout/                 |          |
|    ep_len_mean           | 307      |
|    ep_rew_mean           | 745      |
| time/                    |          |
|    fps                   | 948      |
|    iterations            | 58       |
|    time_elapsed          | 1001     |
|    total_timesteps       | 950272   |
---------------------------------------
Eval num_timesteps=960000, episode_reward=1972.61 +/- 4.55
Episode length: 500.00 +/- 0.00
-----------------------------------------
| eval/                   |             |
|    mean_ep_length       | 500         |
|    mean_reward          | 1.97e+03    |
| time/                   |             |
|    total_timesteps      | 960000      |
| train/                  |             |
|    approx_kl            | 0.016875565 |
|    clip_fraction        | 0.218       |
|    clip_range           | 0.2         |
|    entropy_loss         | -13.9       |
|    explained_variance   | 0.896       |
|    learning_rate        | 0.0003      |
|    loss                 | 181         |
|    n_updates            | 580         |
|    policy_gradient_loss | -0.00569    |
|    std                  | 0.771       |
|    value_loss           | 303         |
-----------------------------------------
---------------------------------------
| br1/                     |          |
|    episodes_this_rollout | 64       |
|    fall_rate             | 0.891    |
|    mean_tilt_deg         | 5.73     |
| rollout/                 |          |
|    ep_len_mean           | 295      |
|    ep_rew_mean           | 713      |
| time/                    |          |
|    fps                   | 949      |
|    iterations            | 59       |
|    time_elapsed          | 1017     |
|    total_timesteps       | 966656   |
---------------------------------------
Eval num_timesteps=970000, episode_reward=1967.78 +/- 9.49
Episode length: 500.00 +/- 0.00
-----------------------------------------
| eval/                   |             |
|    mean_ep_length       | 500         |
|    mean_reward          | 1.97e+03    |
| time/                   |             |
|    total_timesteps      | 970000      |
| train/                  |             |
|    approx_kl            | 0.015570608 |
|    clip_fraction        | 0.203       |
|    clip_range           | 0.2         |
|    entropy_loss         | -13.9       |
|    explained_variance   | 0.896       |
|    learning_rate        | 0.0003      |
|    loss                 | 173         |
|    n_updates            | 590         |
|    policy_gradient_loss | -0.00752    |
|    std                  | 0.768       |
|    value_loss           | 417         |
-----------------------------------------
Eval num_timesteps=980000, episode_reward=1966.69 +/- 13.02
Episode length: 500.00 +/- 0.00
---------------------------------
| eval/              |          |
|    mean_ep_length  | 500      |
|    mean_reward     | 1.97e+03 |
| time/              |          |
|    total_timesteps | 980000   |
---------------------------------
---------------------------------------
| br1/                     |          |
|    episodes_this_rollout | 50       |
|    fall_rate             | 0.82     |
|    mean_tilt_deg         | 5.12     |
| rollout/                 |          |
|    ep_len_mean           | 288      |
|    ep_rew_mean           | 696      |
| time/                    |          |
|    fps                   | 946      |
|    iterations            | 60       |
|    time_elapsed          | 1038     |
|    total_timesteps       | 983040   |
---------------------------------------
Eval num_timesteps=990000, episode_reward=1970.45 +/- 3.08
Episode length: 500.00 +/- 0.00
-----------------------------------------
| eval/                   |             |
|    mean_ep_length       | 500         |
|    mean_reward          | 1.97e+03    |
| time/                   |             |
|    total_timesteps      | 990000      |
| train/                  |             |
|    approx_kl            | 0.016214479 |
|    clip_fraction        | 0.221       |
|    clip_range           | 0.2         |
|    entropy_loss         | -13.8       |
|    explained_variance   | 0.894       |
|    learning_rate        | 0.0003      |
|    loss                 | 153         |
|    n_updates            | 600         |
|    policy_gradient_loss | -0.0075     |
|    std                  | 0.764       |
|    value_loss           | 366         |
-----------------------------------------
---------------------------------------
| br1/                     |          |
|    episodes_this_rollout | 48       |
|    fall_rate             | 0.646    |
|    mean_tilt_deg         | 4.72     |
| rollout/                 |          |
|    ep_len_mean           | 327      |
|    ep_rew_mean           | 803      |
| time/                    |          |
|    fps                   | 947      |
|    iterations            | 61       |
|    time_elapsed          | 1054     |
|    total_timesteps       | 999424   |
---------------------------------------
Eval num_timesteps=1000000, episode_reward=1977.46 +/- 4.58
Episode length: 500.00 +/- 0.00
-----------------------------------------
| eval/                   |             |
|    mean_ep_length       | 500         |
|    mean_reward          | 1.98e+03    |
| time/                   |             |
|    total_timesteps      | 1000000     |
| train/                  |             |
|    approx_kl            | 0.018609261 |
|    clip_fraction        | 0.246       |
|    clip_range           | 0.2         |
|    entropy_loss         | -13.7       |
|    explained_variance   | 0.892       |
|    learning_rate        | 0.0003      |
|    loss                 | 215         |
|    n_updates            | 610         |
|    policy_gradient_loss | -0.00773    |
|    std                  | 0.76        |
|    value_loss           | 303         |
-----------------------------------------
Eval num_timesteps=1010000, episode_reward=1977.40 +/- 2.90
Episode length: 500.00 +/- 0.00
---------------------------------
| eval/              |          |
|    mean_ep_length  | 500      |
|    mean_reward     | 1.98e+03 |
| time/              |          |
|    total_timesteps | 1010000  |
---------------------------------
---------------------------------------
| br1/                     |          |
|    episodes_this_rollout | 51       |
|    fall_rate             | 0.784    |
|    mean_tilt_deg         | 4.94     |
| rollout/                 |          |
|    ep_len_mean           | 342      |
|    ep_rew_mean           | 842      |
| time/                    |          |
|    fps                   | 944      |
|    iterations            | 62       |
|    time_elapsed          | 1075     |
|    total_timesteps       | 1015808  |
---------------------------------------
Eval num_timesteps=1020000, episode_reward=1968.21 +/- 6.73
Episode length: 500.00 +/- 0.00
-----------------------------------------
| eval/                   |             |
|    mean_ep_length       | 500         |
|    mean_reward          | 1.97e+03    |
| time/                   |             |
|    total_timesteps      | 1020000     |
| train/                  |             |
|    approx_kl            | 0.017676989 |
|    clip_fraction        | 0.226       |
|    clip_range           | 0.2         |
|    entropy_loss         | -13.7       |
|    explained_variance   | 0.893       |
|    learning_rate        | 0.0003      |
|    loss                 | 222         |
|    n_updates            | 620         |
|    policy_gradient_loss | -0.0088     |
|    std                  | 0.758       |
|    value_loss           | 380         |
-----------------------------------------
Eval num_timesteps=1030000, episode_reward=1969.05 +/- 4.52
Episode length: 500.00 +/- 0.00
---------------------------------
| eval/              |          |
|    mean_ep_length  | 500      |
|    mean_reward     | 1.97e+03 |
| time/              |          |
|    total_timesteps | 1030000  |
---------------------------------
---------------------------------------
| br1/                     |          |
|    episodes_this_rollout | 45       |
|    fall_rate             | 0.667    |
|    mean_tilt_deg         | 4.74     |
| rollout/                 |          |
|    ep_len_mean           | 348      |
|    ep_rew_mean           | 854      |
| time/                    |          |
|    fps                   | 942      |
|    iterations            | 63       |
|    time_elapsed          | 1095     |
|    total_timesteps       | 1032192  |
---------------------------------------
Eval num_timesteps=1040000, episode_reward=1977.63 +/- 3.49
Episode length: 500.00 +/- 0.00
-----------------------------------------
| eval/                   |             |
|    mean_ep_length       | 500         |
|    mean_reward          | 1.98e+03    |
| time/                   |             |
|    total_timesteps      | 1040000     |
| train/                  |             |
|    approx_kl            | 0.019635241 |
|    clip_fraction        | 0.243       |
|    clip_range           | 0.2         |
|    entropy_loss         | -13.6       |
|    explained_variance   | 0.891       |
|    learning_rate        | 0.0003      |
|    loss                 | 121         |
|    n_updates            | 630         |
|    policy_gradient_loss | -0.00673    |
|    std                  | 0.755       |
|    value_loss           | 291         |
-----------------------------------------
---------------------------------------
| br1/                     |          |
|    episodes_this_rollout | 43       |
|    fall_rate             | 0.651    |
|    mean_tilt_deg         | 4.6      |
| rollout/                 |          |
|    ep_len_mean           | 354      |
|    ep_rew_mean           | 874      |
| time/                    |          |
|    fps                   | 942      |
|    iterations            | 64       |
|    time_elapsed          | 1112     |
|    total_timesteps       | 1048576  |
---------------------------------------
Eval num_timesteps=1050000, episode_reward=1981.81 +/- 2.83
Episode length: 500.00 +/- 0.00
-----------------------------------------
| eval/                   |             |
|    mean_ep_length       | 500         |
|    mean_reward          | 1.98e+03    |
| time/                   |             |
|    total_timesteps      | 1050000     |
| train/                  |             |
|    approx_kl            | 0.018455641 |
|    clip_fraction        | 0.242       |
|    clip_range           | 0.2         |
|    entropy_loss         | -13.6       |
|    explained_variance   | 0.891       |
|    learning_rate        | 0.0003      |
|    loss                 | 155         |
|    n_updates            | 640         |
|    policy_gradient_loss | -0.00656    |
|    std                  | 0.752       |
|    value_loss           | 308         |
-----------------------------------------
Eval num_timesteps=1060000, episode_reward=1979.76 +/- 5.83
Episode length: 500.00 +/- 0.00
---------------------------------
| eval/              |          |
|    mean_ep_length  | 500      |
|    mean_reward     | 1.98e+03 |
| time/              |          |
|    total_timesteps | 1060000  |
---------------------------------
---------------------------------------
| br1/                     |          |
|    episodes_this_rollout | 42       |
|    fall_rate             | 0.595    |
|    mean_tilt_deg         | 4.46     |
| rollout/                 |          |
|    ep_len_mean           | 382      |
|    ep_rew_mean           | 949      |
| time/                    |          |
|    fps                   | 940      |
|    iterations            | 65       |
|    time_elapsed          | 1132     |
|    total_timesteps       | 1064960  |
---------------------------------------
Eval num_timesteps=1070000, episode_reward=1975.92 +/- 2.49
Episode length: 500.00 +/- 0.00
-----------------------------------------
| eval/                   |             |
|    mean_ep_length       | 500         |
|    mean_reward          | 1.98e+03    |
| time/                   |             |
|    total_timesteps      | 1070000     |
| train/                  |             |
|    approx_kl            | 0.019912012 |
|    clip_fraction        | 0.249       |
|    clip_range           | 0.2         |
|    entropy_loss         | -13.5       |
|    explained_variance   | 0.893       |
|    learning_rate        | 0.0003      |
|    loss                 | 120         |
|    n_updates            | 650         |
|    policy_gradient_loss | -0.00767    |
|    std                  | 0.749       |
|    value_loss           | 287         |
-----------------------------------------
Eval num_timesteps=1080000, episode_reward=1975.46 +/- 4.04
Episode length: 500.00 +/- 0.00
---------------------------------
| eval/              |          |
|    mean_ep_length  | 500      |
|    mean_reward     | 1.98e+03 |
| time/              |          |
|    total_timesteps | 1080000  |
---------------------------------
---------------------------------------
| br1/                     |          |
|    episodes_this_rollout | 43       |
|    fall_rate             | 0.488    |
|    mean_tilt_deg         | 4.31     |
| rollout/                 |          |
|    ep_len_mean           | 388      |
|    ep_rew_mean           | 966      |
| time/                    |          |
|    fps                   | 938      |
|    iterations            | 66       |
|    time_elapsed          | 1152     |
|    total_timesteps       | 1081344  |
---------------------------------------
Eval num_timesteps=1090000, episode_reward=1972.69 +/- 6.90
Episode length: 500.00 +/- 0.00
-----------------------------------------
| eval/                   |             |
|    mean_ep_length       | 500         |
|    mean_reward          | 1.97e+03    |
| time/                   |             |
|    total_timesteps      | 1090000     |
| train/                  |             |
|    approx_kl            | 0.019911775 |
|    clip_fraction        | 0.256       |
|    clip_range           | 0.2         |
|    entropy_loss         | -13.5       |
|    explained_variance   | 0.874       |
|    learning_rate        | 0.0003      |
|    loss                 | 120         |
|    n_updates            | 660         |
|    policy_gradient_loss | -0.00607    |
|    std                  | 0.745       |
|    value_loss           | 292         |
-----------------------------------------
---------------------------------------
| br1/                     |          |
|    episodes_this_rollout | 46       |
|    fall_rate             | 0.587    |
|    mean_tilt_deg         | 4.51     |
| rollout/                 |          |
|    ep_len_mean           | 387      |
|    ep_rew_mean           | 962      |
| time/                    |          |
|    fps                   | 938      |
|    iterations            | 67       |
|    time_elapsed          | 1169     |
|    total_timesteps       | 1097728  |
---------------------------------------
Eval num_timesteps=1100000, episode_reward=1980.46 +/- 5.35
Episode length: 500.00 +/- 0.00
-----------------------------------------
| eval/                   |             |
|    mean_ep_length       | 500         |
|    mean_reward          | 1.98e+03    |
| time/                   |             |
|    total_timesteps      | 1100000     |
| train/                  |             |
|    approx_kl            | 0.019797008 |
|    clip_fraction        | 0.246       |
|    clip_range           | 0.2         |
|    entropy_loss         | -13.4       |
|    explained_variance   | 0.883       |
|    learning_rate        | 0.0003      |
|    loss                 | 174         |
|    n_updates            | 670         |
|    policy_gradient_loss | -0.00591    |
|    std                  | 0.741       |
|    value_loss           | 300         |
-----------------------------------------
Eval num_timesteps=1110000, episode_reward=1977.02 +/- 5.63
Episode length: 500.00 +/- 0.00
---------------------------------
| eval/              |          |
|    mean_ep_length  | 500      |
|    mean_reward     | 1.98e+03 |
| time/              |          |
|    total_timesteps | 1110000  |
---------------------------------
---------------------------------------
| br1/                     |          |
|    episodes_this_rollout | 34       |
|    fall_rate             | 0.412    |
|    mean_tilt_deg         | 3.98     |
| rollout/                 |          |
|    ep_len_mean           | 394      |
|    ep_rew_mean           | 981      |
| time/                    |          |
|    fps                   | 936      |
|    iterations            | 68       |
|    time_elapsed          | 1189     |
|    total_timesteps       | 1114112  |
---------------------------------------
Eval num_timesteps=1120000, episode_reward=1979.49 +/- 8.40
Episode length: 500.00 +/- 0.00
----------------------------------------
| eval/                   |            |
|    mean_ep_length       | 500        |
|    mean_reward          | 1.98e+03   |
| time/                   |            |
|    total_timesteps      | 1120000    |
| train/                  |            |
|    approx_kl            | 0.02245718 |
|    clip_fraction        | 0.293      |
|    clip_range           | 0.2        |
|    entropy_loss         | -13.3      |
|    explained_variance   | 0.875      |
|    learning_rate        | 0.0003     |
|    loss                 | 74.8       |
|    n_updates            | 680        |
|    policy_gradient_loss | -0.00202   |
|    std                  | 0.735      |
|    value_loss           | 175        |
----------------------------------------
Eval num_timesteps=1130000, episode_reward=1977.40 +/- 7.14
Episode length: 500.00 +/- 0.00
---------------------------------
| eval/              |          |
|    mean_ep_length  | 500      |
|    mean_reward     | 1.98e+03 |
| time/              |          |
|    total_timesteps | 1130000  |
---------------------------------
---------------------------------------
| br1/                     |          |
|    episodes_this_rollout | 40       |
|    fall_rate             | 0.475    |
|    mean_tilt_deg         | 4.35     |
| rollout/                 |          |
|    ep_len_mean           | 414      |
|    ep_rew_mean           | 1.03e+03 |
| time/                    |          |
|    fps                   | 934      |
|    iterations            | 69       |
|    time_elapsed          | 1209     |
|    total_timesteps       | 1130496  |
---------------------------------------
Eval num_timesteps=1140000, episode_reward=1976.15 +/- 4.55
Episode length: 500.00 +/- 0.00
-----------------------------------------
| eval/                   |             |
|    mean_ep_length       | 500         |
|    mean_reward          | 1.98e+03    |
| time/                   |             |
|    total_timesteps      | 1140000     |
| train/                  |             |
|    approx_kl            | 0.019435983 |
|    clip_fraction        | 0.246       |
|    clip_range           | 0.2         |
|    entropy_loss         | -13.3       |
|    explained_variance   | 0.887       |
|    learning_rate        | 0.0003      |
|    loss                 | 133         |
|    n_updates            | 690         |
|    policy_gradient_loss | -0.00549    |
|    std                  | 0.734       |
|    value_loss           | 266         |
-----------------------------------------
---------------------------------------
| br1/                     |          |
|    episodes_this_rollout | 40       |
|    fall_rate             | 0.5      |
|    mean_tilt_deg         | 4.23     |
| rollout/                 |          |
|    ep_len_mean           | 419      |
|    ep_rew_mean           | 1.05e+03 |
| time/                    |          |
|    fps                   | 935      |
|    iterations            | 70       |
|    time_elapsed          | 1225     |
|    total_timesteps       | 1146880  |
---------------------------------------
Eval num_timesteps=1150000, episode_reward=1976.82 +/- 6.11
Episode length: 500.00 +/- 0.00
-----------------------------------------
| eval/                   |             |
|    mean_ep_length       | 500         |
|    mean_reward          | 1.98e+03    |
| time/                   |             |
|    total_timesteps      | 1150000     |
| train/                  |             |
|    approx_kl            | 0.019822912 |
|    clip_fraction        | 0.259       |
|    clip_range           | 0.2         |
|    entropy_loss         | -13.2       |
|    explained_variance   | 0.872       |
|    learning_rate        | 0.0003      |
|    loss                 | 158         |
|    n_updates            | 700         |
|    policy_gradient_loss | -0.00714    |
|    std                  | 0.731       |
|    value_loss           | 279         |
-----------------------------------------
Eval num_timesteps=1160000, episode_reward=1976.75 +/- 4.25
Episode length: 500.00 +/- 0.00
---------------------------------
| eval/              |          |
|    mean_ep_length  | 500      |
|    mean_reward     | 1.98e+03 |
| time/              |          |
|    total_timesteps | 1160000  |
---------------------------------
---------------------------------------
| br1/                     |          |
|    episodes_this_rollout | 43       |
|    fall_rate             | 0.605    |
|    mean_tilt_deg         | 4.5      |
| rollout/                 |          |
|    ep_len_mean           | 389      |
|    ep_rew_mean           | 965      |
| time/                    |          |
|    fps                   | 934      |
|    iterations            | 71       |
|    time_elapsed          | 1245     |
|    total_timesteps       | 1163264  |
---------------------------------------
Eval num_timesteps=1170000, episode_reward=1975.12 +/- 9.60
Episode length: 500.00 +/- 0.00
-----------------------------------------
| eval/                   |             |
|    mean_ep_length       | 500         |
|    mean_reward          | 1.98e+03    |
| time/                   |             |
|    total_timesteps      | 1170000     |
| train/                  |             |
|    approx_kl            | 0.019606292 |
|    clip_fraction        | 0.251       |
|    clip_range           | 0.2         |
|    entropy_loss         | -13.2       |
|    explained_variance   | 0.887       |
|    learning_rate        | 0.0003      |
|    loss                 | 114         |
|    n_updates            | 710         |
|    policy_gradient_loss | -0.00657    |
|    std                  | 0.727       |
|    value_loss           | 312         |
-----------------------------------------
---------------------------------------
| br1/                     |          |
|    episodes_this_rollout | 38       |
|    fall_rate             | 0.342    |
|    mean_tilt_deg         | 3.99     |
| rollout/                 |          |
|    ep_len_mean           | 404      |
|    ep_rew_mean           | 1.01e+03 |
| time/                    |          |
|    fps                   | 934      |
|    iterations            | 72       |
|    time_elapsed          | 1261     |
|    total_timesteps       | 1179648  |
---------------------------------------
Eval num_timesteps=1180000, episode_reward=1975.75 +/- 4.38
Episode length: 500.00 +/- 0.00
----------------------------------------
| eval/                   |            |
|    mean_ep_length       | 500        |
|    mean_reward          | 1.98e+03   |
| time/                   |            |
|    total_timesteps      | 1180000    |
| train/                  |            |
|    approx_kl            | 0.02368237 |
|    clip_fraction        | 0.291      |
|    clip_range           | 0.2        |
|    entropy_loss         | -13.1      |
|    explained_variance   | 0.866      |
|    learning_rate        | 0.0003     |
|    loss                 | 114        |
|    n_updates            | 720        |
|    policy_gradient_loss | -0.00408   |
|    std                  | 0.726      |
|    value_loss           | 217        |
----------------------------------------
Eval num_timesteps=1190000, episode_reward=1977.67 +/- 4.87
Episode length: 500.00 +/- 0.00
---------------------------------
| eval/              |          |
|    mean_ep_length  | 500      |
|    mean_reward     | 1.98e+03 |
| time/              |          |
|    total_timesteps | 1190000  |
---------------------------------
---------------------------------------
| br1/                     |          |
|    episodes_this_rollout | 37       |
|    fall_rate             | 0.324    |
|    mean_tilt_deg         | 3.89     |
| rollout/                 |          |
|    ep_len_mean           | 417      |
|    ep_rew_mean           | 1.04e+03 |
| time/                    |          |
|    fps                   | 932      |
|    iterations            | 73       |
|    time_elapsed          | 1282     |
|    total_timesteps       | 1196032  |
---------------------------------------
Eval num_timesteps=1200000, episode_reward=1974.91 +/- 4.06
Episode length: 500.00 +/- 0.00
-----------------------------------------
| eval/                   |             |
|    mean_ep_length       | 500         |
|    mean_reward          | 1.97e+03    |
| time/                   |             |
|    total_timesteps      | 1200000     |
| train/                  |             |
|    approx_kl            | 0.022487126 |
|    clip_fraction        | 0.304       |
|    clip_range           | 0.2         |
|    entropy_loss         | -13.1       |
|    explained_variance   | 0.872       |
|    learning_rate        | 0.0003      |
|    loss                 | 62.5        |
|    n_updates            | 730         |
|    policy_gradient_loss | -0.00428    |
|    std                  | 0.723       |
|    value_loss           | 187         |
-----------------------------------------
Eval num_timesteps=1210000, episode_reward=1974.40 +/- 2.53
Episode length: 500.00 +/- 0.00
---------------------------------
| eval/              |          |
|    mean_ep_length  | 500      |
|    mean_reward     | 1.97e+03 |
| time/              |          |
|    total_timesteps | 1210000  |
---------------------------------
---------------------------------------
| br1/                     |          |
|    episodes_this_rollout | 36       |
|    fall_rate             | 0.111    |
|    mean_tilt_deg         | 3.36     |
| rollout/                 |          |
|    ep_len_mean           | 450      |
|    ep_rew_mean           | 1.14e+03 |
| time/                    |          |
|    fps                   | 930      |
|    iterations            | 74       |
|    time_elapsed          | 1302     |
|    total_timesteps       | 1212416  |
---------------------------------------
Eval num_timesteps=1220000, episode_reward=1975.76 +/- 3.46
Episode length: 500.00 +/- 0.00
----------------------------------------
| eval/                   |            |
|    mean_ep_length       | 500        |
|    mean_reward          | 1.98e+03   |
| time/                   |            |
|    total_timesteps      | 1220000    |
| train/                  |            |
|    approx_kl            | 0.04527186 |
|    clip_fraction        | 0.422      |
|    clip_range           | 0.2        |
|    entropy_loss         | -13        |
|    explained_variance   | 0.831      |
|    learning_rate        | 0.0003     |
|    loss                 | 42.2       |
|    n_updates            | 740        |
|    policy_gradient_loss | 0.00627    |
|    std                  | 0.718      |
|    value_loss           | 72         |
----------------------------------------
---------------------------------------
| br1/                     |          |
|    episodes_this_rollout | 34       |
|    fall_rate             | 0.176    |
|    mean_tilt_deg         | 3.48     |
| rollout/                 |          |
|    ep_len_mean           | 461      |
|    ep_rew_mean           | 1.18e+03 |
| time/                    |          |
|    fps                   | 930      |
|    iterations            | 75       |
|    time_elapsed          | 1320     |
|    total_timesteps       | 1228800  |
---------------------------------------
Eval num_timesteps=1230000, episode_reward=1953.09 +/- 16.95
Episode length: 500.00 +/- 0.00
----------------------------------------
| eval/                   |            |
|    mean_ep_length       | 500        |
|    mean_reward          | 1.95e+03   |
| time/                   |            |
|    total_timesteps      | 1230000    |
| train/                  |            |
|    approx_kl            | 0.04021129 |
|    clip_fraction        | 0.384      |
|    clip_range           | 0.2        |
|    entropy_loss         | -13        |
|    explained_variance   | 0.883      |
|    learning_rate        | 0.0003     |
|    loss                 | 35.1       |
|    n_updates            | 750        |
|    policy_gradient_loss | -0.00274   |
|    std                  | 0.716      |
|    value_loss           | 71.8       |
----------------------------------------
Eval num_timesteps=1240000, episode_reward=1958.20 +/- 20.98
Episode length: 500.00 +/- 0.00
---------------------------------
| eval/              |          |
|    mean_ep_length  | 500      |
|    mean_reward     | 1.96e+03 |
| time/              |          |
|    total_timesteps | 1240000  |
---------------------------------
---------------------------------------
| br1/                     |          |
|    episodes_this_rollout | 35       |
|    fall_rate             | 0.171    |
|    mean_tilt_deg         | 3.7      |
| rollout/                 |          |
|    ep_len_mean           | 475      |
|    ep_rew_mean           | 1.22e+03 |
| time/                    |          |
|    fps                   | 927      |
|    iterations            | 76       |
|    time_elapsed          | 1342     |
|    total_timesteps       | 1245184  |
---------------------------------------
Eval num_timesteps=1250000, episode_reward=1941.07 +/- 27.69
Episode length: 500.00 +/- 0.00
-----------------------------------------
| eval/                   |             |
|    mean_ep_length       | 500         |
|    mean_reward          | 1.94e+03    |
| time/                   |             |
|    total_timesteps      | 1250000     |
| train/                  |             |
|    approx_kl            | 0.032879062 |
|    clip_fraction        | 0.391       |
|    clip_range           | 0.2         |
|    entropy_loss         | -13         |
|    explained_variance   | 0.85        |
|    learning_rate        | 0.0003      |
|    loss                 | 67.6        |
|    n_updates            | 760         |
|    policy_gradient_loss | -0.00187    |
|    std                  | 0.717       |
|    value_loss           | 87.7        |
-----------------------------------------
Eval num_timesteps=1260000, episode_reward=1914.44 +/- 61.38
Episode length: 500.00 +/- 0.00
---------------------------------
| eval/              |          |
|    mean_ep_length  | 500      |
|    mean_reward     | 1.91e+03 |
| time/              |          |
|    total_timesteps | 1260000  |
---------------------------------
---------------------------------------
| br1/                     |          |
|    episodes_this_rollout | 33       |
|    fall_rate             | 0.121    |
|    mean_tilt_deg         | 3.75     |
| rollout/                 |          |
|    ep_len_mean           | 476      |
|    ep_rew_mean           | 1.21e+03 |
| time/                    |          |
|    fps                   | 927      |
|    iterations            | 77       |
|    time_elapsed          | 1360     |
|    total_timesteps       | 1261568  |
---------------------------------------
Eval num_timesteps=1270000, episode_reward=1838.80 +/- 161.06
Episode length: 500.00 +/- 0.00
-----------------------------------------
| eval/                   |             |
|    mean_ep_length       | 500         |
|    mean_reward          | 1.84e+03    |
| time/                   |             |
|    total_timesteps      | 1270000     |
| train/                  |             |
|    approx_kl            | 0.035587132 |
|    clip_fraction        | 0.396       |
|    clip_range           | 0.2         |
|    entropy_loss         | -12.9       |
|    explained_variance   | 0.828       |
|    learning_rate        | 0.0003      |
|    loss                 | 18.3        |
|    n_updates            | 770         |
|    policy_gradient_loss | 0.00169     |
|    std                  | 0.713       |
|    value_loss           | 84.9        |
-----------------------------------------
---------------------------------------
| br1/                     |          |
|    episodes_this_rollout | 35       |
|    fall_rate             | 0.114    |
|    mean_tilt_deg         | 3.46     |
| rollout/                 |          |
|    ep_len_mean           | 480      |
|    ep_rew_mean           | 1.23e+03 |
| time/                    |          |
|    fps                   | 929      |
|    iterations            | 78       |
|    time_elapsed          | 1375     |
|    total_timesteps       | 1277952  |
---------------------------------------
Eval num_timesteps=1280000, episode_reward=1948.68 +/- 24.15
Episode length: 500.00 +/- 0.00
-----------------------------------------
| eval/                   |             |
|    mean_ep_length       | 500         |
|    mean_reward          | 1.95e+03    |
| time/                   |             |
|    total_timesteps      | 1280000     |
| train/                  |             |
|    approx_kl            | 0.044705696 |
|    clip_fraction        | 0.421       |
|    clip_range           | 0.2         |
|    entropy_loss         | -12.9       |
|    explained_variance   | 0.874       |
|    learning_rate        | 0.0003      |
|    loss                 | 16.2        |
|    n_updates            | 780         |
|    policy_gradient_loss | -0.000484   |
|    std                  | 0.709       |
|    value_loss           | 68.3        |
-----------------------------------------
Eval num_timesteps=1290000, episode_reward=1951.23 +/- 19.24
Episode length: 500.00 +/- 0.00
---------------------------------
| eval/              |          |
|    mean_ep_length  | 500      |
|    mean_reward     | 1.95e+03 |
| time/              |          |
|    total_timesteps | 1290000  |
---------------------------------
---------------------------------------
| br1/                     |          |
|    episodes_this_rollout | 35       |
|    fall_rate             | 0.171    |
|    mean_tilt_deg         | 3.48     |
| rollout/                 |          |
|    ep_len_mean           | 477      |
|    ep_rew_mean           | 1.23e+03 |
| time/                    |          |
|    fps                   | 928      |
|    iterations            | 79       |
|    time_elapsed          | 1393     |
|    total_timesteps       | 1294336  |
---------------------------------------
Eval num_timesteps=1300000, episode_reward=1955.08 +/- 22.03
Episode length: 500.00 +/- 0.00
----------------------------------------
| eval/                   |            |
|    mean_ep_length       | 500        |
|    mean_reward          | 1.96e+03   |
| time/                   |            |
|    total_timesteps      | 1300000    |
| train/                  |            |
|    approx_kl            | 0.03261105 |
|    clip_fraction        | 0.374      |
|    clip_range           | 0.2        |
|    entropy_loss         | -12.8      |
|    explained_variance   | 0.868      |
|    learning_rate        | 0.0003     |
|    loss                 | 46.5       |
|    n_updates            | 790        |
|    policy_gradient_loss | -0.0011    |
|    std                  | 0.708      |
|    value_loss           | 90.3       |
----------------------------------------
Eval num_timesteps=1310000, episode_reward=1966.38 +/- 10.14
Episode length: 500.00 +/- 0.00
---------------------------------
| eval/              |          |
|    mean_ep_length  | 500      |
|    mean_reward     | 1.97e+03 |
| time/              |          |
|    total_timesteps | 1310000  |
---------------------------------
---------------------------------------
| br1/                     |          |
|    episodes_this_rollout | 36       |
|    fall_rate             | 0.194    |
|    mean_tilt_deg         | 3.46     |
| rollout/                 |          |
|    ep_len_mean           | 468      |
|    ep_rew_mean           | 1.21e+03 |
| time/                    |          |
|    fps                   | 928      |
|    iterations            | 80       |
|    time_elapsed          | 1411     |
|    total_timesteps       | 1310720  |
---------------------------------------
Eval num_timesteps=1320000, episode_reward=1946.68 +/- 20.54
Episode length: 500.00 +/- 0.00
-----------------------------------------
| eval/                   |             |
|    mean_ep_length       | 500         |
|    mean_reward          | 1.95e+03    |
| time/                   |             |
|    total_timesteps      | 1320000     |
| train/                  |             |
|    approx_kl            | 0.024732282 |
|    clip_fraction        | 0.288       |
|    clip_range           | 0.2         |
|    entropy_loss         | -12.8       |
|    explained_variance   | 0.875       |
|    learning_rate        | 0.0003      |
|    loss                 | 84.3        |
|    n_updates            | 800         |
|    policy_gradient_loss | -0.00274    |
|    std                  | 0.704       |
|    value_loss           | 120         |
-----------------------------------------
---------------------------------------
| br1/                     |          |
|    episodes_this_rollout | 35       |
|    fall_rate             | 0.229    |
|    mean_tilt_deg         | 3.5      |
| rollout/                 |          |
|    ep_len_mean           | 461      |
|    ep_rew_mean           | 1.2e+03  |
| time/                    |          |
|    fps                   | 930      |
|    iterations            | 81       |
|    time_elapsed          | 1426     |
|    total_timesteps       | 1327104  |
---------------------------------------
Eval num_timesteps=1330000, episode_reward=1957.24 +/- 7.81
Episode length: 500.00 +/- 0.00
-----------------------------------------
| eval/                   |             |
|    mean_ep_length       | 500         |
|    mean_reward          | 1.96e+03    |
| time/                   |             |
|    total_timesteps      | 1330000     |
| train/                  |             |
|    approx_kl            | 0.031850554 |
|    clip_fraction        | 0.34        |
|    clip_range           | 0.2         |
|    entropy_loss         | -12.7       |
|    explained_variance   | 0.887       |
|    learning_rate        | 0.0003      |
|    loss                 | 47.7        |
|    n_updates            | 810         |
|    policy_gradient_loss | -0.0035     |
|    std                  | 0.701       |
|    value_loss           | 104         |
-----------------------------------------
Eval num_timesteps=1340000, episode_reward=1954.93 +/- 19.48
Episode length: 500.00 +/- 0.00
---------------------------------
| eval/              |          |
|    mean_ep_length  | 500      |
|    mean_reward     | 1.95e+03 |
| time/              |          |
|    total_timesteps | 1340000  |
---------------------------------
---------------------------------------
| br1/                     |          |
|    episodes_this_rollout | 35       |
|    fall_rate             | 0.171    |
|    mean_tilt_deg         | 3.52     |
| rollout/                 |          |
|    ep_len_mean           | 458      |
|    ep_rew_mean           | 1.19e+03 |
| time/                    |          |
|    fps                   | 930      |
|    iterations            | 82       |
|    time_elapsed          | 1444     |
|    total_timesteps       | 1343488  |
---------------------------------------
Eval num_timesteps=1350000, episode_reward=1958.17 +/- 26.77
Episode length: 500.00 +/- 0.00
-----------------------------------------
| eval/                   |             |
|    mean_ep_length       | 500         |
|    mean_reward          | 1.96e+03    |
| time/                   |             |
|    total_timesteps      | 1350000     |
| train/                  |             |
|    approx_kl            | 0.027117308 |
|    clip_fraction        | 0.315       |
|    clip_range           | 0.2         |
|    entropy_loss         | -12.7       |
|    explained_variance   | 0.87        |
|    learning_rate        | 0.0003      |
|    loss                 | 51.6        |
|    n_updates            | 820         |
|    policy_gradient_loss | -0.00477    |
|    std                  | 0.698       |
|    value_loss           | 126         |
-----------------------------------------
---------------------------------------
| br1/                     |          |
|    episodes_this_rollout | 35       |
|    fall_rate             | 0.143    |
|    mean_tilt_deg         | 3.33     |
| rollout/                 |          |
|    ep_len_mean           | 471      |
|    ep_rew_mean           | 1.23e+03 |
| time/                    |          |
|    fps                   | 932      |
|    iterations            | 83       |
|    time_elapsed          | 1458     |
|    total_timesteps       | 1359872  |
---------------------------------------
Eval num_timesteps=1360000, episode_reward=1948.70 +/- 15.21
Episode length: 500.00 +/- 0.00
-----------------------------------------
| eval/                   |             |
|    mean_ep_length       | 500         |
|    mean_reward          | 1.95e+03    |
| time/                   |             |
|    total_timesteps      | 1360000     |
| train/                  |             |
|    approx_kl            | 0.033492945 |
|    clip_fraction        | 0.43        |
|    clip_range           | 0.2         |
|    entropy_loss         | -12.6       |
|    explained_variance   | 0.86        |
|    learning_rate        | 0.0003      |
|    loss                 | 21.1        |
|    n_updates            | 830         |
|    policy_gradient_loss | 0.00176     |
|    std                  | 0.694       |
|    value_loss           | 91.2        |
-----------------------------------------
Eval num_timesteps=1370000, episode_reward=1933.09 +/- 18.69
Episode length: 500.00 +/- 0.00
---------------------------------
| eval/              |          |
|    mean_ep_length  | 500      |
|    mean_reward     | 1.93e+03 |
| time/              |          |
|    total_timesteps | 1370000  |
---------------------------------
---------------------------------------
| br1/                     |          |
|    episodes_this_rollout | 33       |
|    fall_rate             | 0.121    |
|    mean_tilt_deg         | 3.43     |
| rollout/                 |          |
|    ep_len_mean           | 479      |
|    ep_rew_mean           | 1.25e+03 |
| time/                    |          |
|    fps                   | 932      |
|    iterations            | 84       |
|    time_elapsed          | 1475     |
|    total_timesteps       | 1376256  |
---------------------------------------
Eval num_timesteps=1380000, episode_reward=1961.42 +/- 23.17
Episode length: 500.00 +/- 0.00
----------------------------------------
| eval/                   |            |
|    mean_ep_length       | 500        |
|    mean_reward          | 1.96e+03   |
| time/                   |            |
|    total_timesteps      | 1380000    |
| train/                  |            |
|    approx_kl            | 0.03332996 |
|    clip_fraction        | 0.407      |
|    clip_range           | 0.2        |
|    entropy_loss         | -12.5      |
|    explained_variance   | 0.844      |
|    learning_rate        | 0.0003     |
|    loss                 | 19.6       |
|    n_updates            | 840        |
|    policy_gradient_loss | -0.00153   |
|    std                  | 0.693      |
|    value_loss           | 96.1       |
----------------------------------------
Eval num_timesteps=1390000, episode_reward=1786.13 +/- 176.42
Episode length: 500.00 +/- 0.00
---------------------------------
| eval/              |          |
|    mean_ep_length  | 500      |
|    mean_reward     | 1.79e+03 |
| time/              |          |
|    total_timesteps | 1390000  |
---------------------------------
---------------------------------------
| br1/                     |          |
|    episodes_this_rollout | 35       |
|    fall_rate             | 0.0857   |
|    mean_tilt_deg         | 3.47     |
| rollout/                 |          |
|    ep_len_mean           | 485      |
|    ep_rew_mean           | 1.27e+03 |
| time/                    |          |
|    fps                   | 932      |
|    iterations            | 85       |
|    time_elapsed          | 1493     |
|    total_timesteps       | 1392640  |
---------------------------------------
Eval num_timesteps=1400000, episode_reward=1942.13 +/- 29.74
Episode length: 500.00 +/- 0.00
----------------------------------------
| eval/                   |            |
|    mean_ep_length       | 500        |
|    mean_reward          | 1.94e+03   |
| time/                   |            |
|    total_timesteps      | 1400000    |
| train/                  |            |
|    approx_kl            | 0.04242748 |
|    clip_fraction        | 0.473      |
|    clip_range           | 0.2        |
|    entropy_loss         | -12.5      |
|    explained_variance   | 0.855      |
|    learning_rate        | 0.0003     |
|    loss                 | 16.6       |
|    n_updates            | 850        |
|    policy_gradient_loss | 0.00655    |
|    std                  | 0.69       |
|    value_loss           | 57.1       |
----------------------------------------
---------------------------------------
| br1/                     |          |
|    episodes_this_rollout | 34       |
|    fall_rate             | 0.176    |
|    mean_tilt_deg         | 3.31     |
| rollout/                 |          |
|    ep_len_mean           | 476      |
|    ep_rew_mean           | 1.25e+03 |
| time/                    |          |
|    fps                   | 934      |
|    iterations            | 86       |
|    time_elapsed          | 1508     |
|    total_timesteps       | 1409024  |
---------------------------------------
Eval num_timesteps=1410000, episode_reward=1736.84 +/- 168.62
Episode length: 500.00 +/- 0.00
----------------------------------------
| eval/                   |            |
|    mean_ep_length       | 500        |
|    mean_reward          | 1.74e+03   |
| time/                   |            |
|    total_timesteps      | 1410000    |
| train/                  |            |
|    approx_kl            | 0.03386443 |
|    clip_fraction        | 0.316      |
|    clip_range           | 0.2        |
|    entropy_loss         | -12.5      |
|    explained_variance   | 0.89       |
|    learning_rate        | 0.0003     |
|    loss                 | 93.4       |
|    n_updates            | 860        |
|    policy_gradient_loss | -0.00465   |
|    std                  | 0.687      |
|    value_loss           | 112        |
----------------------------------------
Eval num_timesteps=1420000, episode_reward=1935.30 +/- 31.91
Episode length: 500.00 +/- 0.00
---------------------------------
| eval/              |          |
|    mean_ep_length  | 500      |
|    mean_reward     | 1.94e+03 |
| time/              |          |
|    total_timesteps | 1420000  |
---------------------------------
---------------------------------------
| br1/                     |          |
|    episodes_this_rollout | 35       |
|    fall_rate             | 0.171    |
|    mean_tilt_deg         | 3.47     |
| rollout/                 |          |
|    ep_len_mean           | 472      |
|    ep_rew_mean           | 1.24e+03 |
| time/                    |          |
|    fps                   | 934      |
|    iterations            | 87       |
|    time_elapsed          | 1525     |
|    total_timesteps       | 1425408  |
---------------------------------------
Eval num_timesteps=1430000, episode_reward=1616.54 +/- 167.58
Episode length: 500.00 +/- 0.00
-----------------------------------------
| eval/                   |             |
|    mean_ep_length       | 500         |
|    mean_reward          | 1.62e+03    |
| time/                   |             |
|    total_timesteps      | 1430000     |
| train/                  |             |
|    approx_kl            | 0.026501317 |
|    clip_fraction        | 0.318       |
|    clip_range           | 0.2         |
|    entropy_loss         | -12.4       |
|    explained_variance   | 0.887       |
|    learning_rate        | 0.0003      |
|    loss                 | 80.4        |
|    n_updates            | 870         |
|    policy_gradient_loss | -0.00566    |
|    std                  | 0.684       |
|    value_loss           | 108         |
-----------------------------------------
Eval num_timesteps=1440000, episode_reward=1716.57 +/- 189.26
Episode length: 500.00 +/- 0.00
---------------------------------
| eval/              |          |
|    mean_ep_length  | 500      |
|    mean_reward     | 1.72e+03 |
| time/              |          |
|    total_timesteps | 1440000  |
---------------------------------
---------------------------------------
| br1/                     |          |
|    episodes_this_rollout | 34       |
|    fall_rate             | 0.0588   |
|    mean_tilt_deg         | 3.35     |
| rollout/                 |          |
|    ep_len_mean           | 477      |
|    ep_rew_mean           | 1.25e+03 |
| time/                    |          |
|    fps                   | 934      |
|    iterations            | 88       |
|    time_elapsed          | 1543     |
|    total_timesteps       | 1441792  |
---------------------------------------
Eval num_timesteps=1450000, episode_reward=1715.90 +/- 189.48
Episode length: 500.00 +/- 0.00
-----------------------------------------
| eval/                   |             |
|    mean_ep_length       | 500         |
|    mean_reward          | 1.72e+03    |
| time/                   |             |
|    total_timesteps      | 1450000     |
| train/                  |             |
|    approx_kl            | 0.072902754 |
|    clip_fraction        | 0.58        |
|    clip_range           | 0.2         |
|    entropy_loss         | -12.4       |
|    explained_variance   | 0.82        |
|    learning_rate        | 0.0003      |
|    loss                 | 17.7        |
|    n_updates            | 880         |
|    policy_gradient_loss | 0.023       |
|    std                  | 0.683       |
|    value_loss           | 38.2        |
-----------------------------------------
---------------------------------------
| br1/                     |          |
|    episodes_this_rollout | 35       |
|    fall_rate             | 0.229    |
|    mean_tilt_deg         | 3.36     |
| rollout/                 |          |
|    ep_len_mean           | 476      |
|    ep_rew_mean           | 1.25e+03 |
| time/                    |          |
|    fps                   | 935      |
|    iterations            | 89       |
|    time_elapsed          | 1557     |
|    total_timesteps       | 1458176  |
---------------------------------------
Eval num_timesteps=1460000, episode_reward=1884.60 +/- 65.02
Episode length: 500.00 +/- 0.00
-----------------------------------------
| eval/                   |             |
|    mean_ep_length       | 500         |
|    mean_reward          | 1.88e+03    |
| time/                   |             |
|    total_timesteps      | 1460000     |
| train/                  |             |
|    approx_kl            | 0.022022452 |
|    clip_fraction        | 0.241       |
|    clip_range           | 0.2         |
|    entropy_loss         | -12.3       |
|    explained_variance   | 0.894       |
|    learning_rate        | 0.0003      |
|    loss                 | 80.5        |
|    n_updates            | 890         |
|    policy_gradient_loss | -0.00637    |
|    std                  | 0.681       |
|    value_loss           | 107         |
-----------------------------------------
Eval num_timesteps=1470000, episode_reward=1656.43 +/- 184.41
Episode length: 500.00 +/- 0.00
---------------------------------
| eval/              |          |
|    mean_ep_length  | 500      |
|    mean_reward     | 1.66e+03 |
| time/              |          |
|    total_timesteps | 1470000  |
---------------------------------
---------------------------------------
| br1/                     |          |
|    episodes_this_rollout | 33       |
|    fall_rate             | 0.0303   |
|    mean_tilt_deg         | 3.31     |
| rollout/                 |          |
|    ep_len_mean           | 481      |
|    ep_rew_mean           | 1.27e+03 |
| time/                    |          |
|    fps                   | 935      |
|    iterations            | 90       |
|    time_elapsed          | 1575     |
|    total_timesteps       | 1474560  |
---------------------------------------
Eval num_timesteps=1480000, episode_reward=1449.43 +/- 88.11
Episode length: 500.00 +/- 0.00
-----------------------------------------
| eval/                   |             |
|    mean_ep_length       | 500         |
|    mean_reward          | 1.45e+03    |
| time/                   |             |
|    total_timesteps      | 1480000     |
| train/                  |             |
|    approx_kl            | 0.068613544 |
|    clip_fraction        | 0.619       |
|    clip_range           | 0.2         |
|    entropy_loss         | -12.3       |
|    explained_variance   | 0.751       |
|    learning_rate        | 0.0003      |
|    loss                 | 3.84        |
|    n_updates            | 900         |
|    policy_gradient_loss | 0.0289      |
|    std                  | 0.675       |
|    value_loss           | 17.3        |
-----------------------------------------
Eval num_timesteps=1490000, episode_reward=1513.53 +/- 88.98
Episode length: 500.00 +/- 0.00
---------------------------------
| eval/              |          |
|    mean_ep_length  | 500      |
|    mean_reward     | 1.51e+03 |
| time/              |          |
|    total_timesteps | 1490000  |
---------------------------------
---------------------------------------
| br1/                     |          |
|    episodes_this_rollout | 34       |
|    fall_rate             | 0.0588   |
|    mean_tilt_deg         | 3.16     |
| rollout/                 |          |
|    ep_len_mean           | 480      |
|    ep_rew_mean           | 1.27e+03 |
| time/                    |          |
|    fps                   | 935      |
|    iterations            | 91       |
|    time_elapsed          | 1593     |
|    total_timesteps       | 1490944  |
---------------------------------------
Eval num_timesteps=1500000, episode_reward=1527.20 +/- 28.76
Episode length: 500.00 +/- 0.00
-----------------------------------------
| eval/                   |             |
|    mean_ep_length       | 500         |
|    mean_reward          | 1.53e+03    |
| time/                   |             |
|    total_timesteps      | 1500000     |
| train/                  |             |
|    approx_kl            | 0.061005272 |
|    clip_fraction        | 0.472       |
|    clip_range           | 0.2         |
|    entropy_loss         | -12.2       |
|    explained_variance   | 0.872       |
|    learning_rate        | 0.0003      |
|    loss                 | 7.54        |
|    n_updates            | 910         |
|    policy_gradient_loss | 0.011       |
|    std                  | 0.673       |
|    value_loss           | 21.5        |
-----------------------------------------
---------------------------------------
| br1/                     |          |
|    episodes_this_rollout | 37       |
|    fall_rate             | 0.162    |
|    mean_tilt_deg         | 3.25     |
| rollout/                 |          |
|    ep_len_mean           | 477      |
|    ep_rew_mean           | 1.27e+03 |
| time/                    |          |
|    fps                   | 937      |
|    iterations            | 92       |
|    time_elapsed          | 1608     |
|    total_timesteps       | 1507328  |
---------------------------------------
Eval num_timesteps=1510000, episode_reward=1785.37 +/- 240.66
Episode length: 500.00 +/- 0.00
-----------------------------------------
| eval/                   |             |
|    mean_ep_length       | 500         |
|    mean_reward          | 1.79e+03    |
| time/                   |             |
|    total_timesteps      | 1510000     |
| train/                  |             |
|    approx_kl            | 0.016702337 |
|    clip_fraction        | 0.17        |
|    clip_range           | 0.2         |
|    entropy_loss         | -12.2       |
|    explained_variance   | 0.887       |
|    learning_rate        | 0.0003      |
|    loss                 | 31.9        |
|    n_updates            | 920         |
|    policy_gradient_loss | -0.0101     |
|    std                  | 0.672       |
|    value_loss           | 88.4        |
-----------------------------------------
Eval num_timesteps=1520000, episode_reward=1963.99 +/- 18.73
Episode length: 500.00 +/- 0.00
---------------------------------
| eval/              |          |
|    mean_ep_length  | 500      |
|    mean_reward     | 1.96e+03 |
| time/              |          |
|    total_timesteps | 1520000  |
---------------------------------
---------------------------------------
| br1/                     |          |
|    episodes_this_rollout | 37       |
|    fall_rate             | 0.405    |
|    mean_tilt_deg         | 3.76     |
| rollout/                 |          |
|    ep_len_mean           | 451      |
|    ep_rew_mean           | 1.2e+03  |
| time/                    |          |
|    fps                   | 936      |
|    iterations            | 93       |
|    time_elapsed          | 1626     |
|    total_timesteps       | 1523712  |
---------------------------------------
Eval num_timesteps=1530000, episode_reward=1559.29 +/- 107.17
Episode length: 500.00 +/- 0.00
-----------------------------------------
| eval/                   |             |
|    mean_ep_length       | 500         |
|    mean_reward          | 1.56e+03    |
| time/                   |             |
|    total_timesteps      | 1530000     |
| train/                  |             |
|    approx_kl            | 0.012120709 |
|    clip_fraction        | 0.118       |
|    clip_range           | 0.2         |
|    entropy_loss         | -12.2       |
|    explained_variance   | 0.894       |
|    learning_rate        | 0.0003      |
|    loss                 | 97.6        |
|    n_updates            | 930         |
|    policy_gradient_loss | -0.00989    |
|    std                  | 0.671       |
|    value_loss           | 225         |
-----------------------------------------
Eval num_timesteps=1540000, episode_reward=1578.62 +/- 174.43
Episode length: 500.00 +/- 0.00
---------------------------------
| eval/              |          |
|    mean_ep_length  | 500      |
|    mean_reward     | 1.58e+03 |
| time/              |          |
|    total_timesteps | 1540000  |
---------------------------------
---------------------------------------
| br1/                     |          |
|    episodes_this_rollout | 35       |
|    fall_rate             | 0.143    |
|    mean_tilt_deg         | 3.38     |
| rollout/                 |          |
|    ep_len_mean           | 447      |
|    ep_rew_mean           | 1.19e+03 |
| time/                    |          |
|    fps                   | 936      |
|    iterations            | 94       |
|    time_elapsed          | 1644     |
|    total_timesteps       | 1540096  |
---------------------------------------
Eval num_timesteps=1550000, episode_reward=1655.74 +/- 125.30
Episode length: 500.00 +/- 0.00
-----------------------------------------
| eval/                   |             |
|    mean_ep_length       | 500         |
|    mean_reward          | 1.66e+03    |
| time/                   |             |
|    total_timesteps      | 1550000     |
| train/                  |             |
|    approx_kl            | 0.020004317 |
|    clip_fraction        | 0.227       |
|    clip_range           | 0.2         |
|    entropy_loss         | -12.1       |
|    explained_variance   | 0.895       |
|    learning_rate        | 0.0003      |
|    loss                 | 33.5        |
|    n_updates            | 940         |
|    policy_gradient_loss | -0.00796    |
|    std                  | 0.669       |
|    value_loss           | 83.9        |
-----------------------------------------
---------------------------------------
| br1/                     |          |
|    episodes_this_rollout | 33       |
|    fall_rate             | 0.0606   |
|    mean_tilt_deg         | 3.2      |
| rollout/                 |          |
|    ep_len_mean           | 461      |
|    ep_rew_mean           | 1.23e+03 |
| time/                    |          |
|    fps                   | 938      |
|    iterations            | 95       |
|    time_elapsed          | 1658     |
|    total_timesteps       | 1556480  |
---------------------------------------
Eval num_timesteps=1560000, episode_reward=1510.13 +/- 42.25
Episode length: 500.00 +/- 0.00
-----------------------------------------
| eval/                   |             |
|    mean_ep_length       | 500         |
|    mean_reward          | 1.51e+03    |
| time/                   |             |
|    total_timesteps      | 1560000     |
| train/                  |             |
|    approx_kl            | 0.055294916 |
|    clip_fraction        | 0.515       |
|    clip_range           | 0.2         |
|    entropy_loss         | -12.1       |
|    explained_variance   | 0.85        |
|    learning_rate        | 0.0003      |
|    loss                 | 45.7        |
|    n_updates            | 950         |
|    policy_gradient_loss | 0.0138      |
|    std                  | 0.667       |
|    value_loss           | 53          |
-----------------------------------------
Eval num_timesteps=1570000, episode_reward=1475.63 +/- 14.55
Episode length: 500.00 +/- 0.00
---------------------------------
| eval/              |          |
|    mean_ep_length  | 500      |
|    mean_reward     | 1.48e+03 |
| time/              |          |
|    total_timesteps | 1570000  |
---------------------------------
---------------------------------------
| br1/                     |          |
|    episodes_this_rollout | 35       |
|    fall_rate             | 0.0571   |
|    mean_tilt_deg         | 3.21     |
| rollout/                 |          |
|    ep_len_mean           | 478      |
|    ep_rew_mean           | 1.28e+03 |
| time/                    |          |
|    fps                   | 938      |
|    iterations            | 96       |
|    time_elapsed          | 1675     |
|    total_timesteps       | 1572864  |
---------------------------------------
Eval num_timesteps=1580000, episode_reward=1423.15 +/- 21.97
Episode length: 500.00 +/- 0.00
-----------------------------------------
| eval/                   |             |
|    mean_ep_length       | 500         |
|    mean_reward          | 1.42e+03    |
| time/                   |             |
|    total_timesteps      | 1580000     |
| train/                  |             |
|    approx_kl            | 0.033990394 |
|    clip_fraction        | 0.315       |
|    clip_range           | 0.2         |
|    entropy_loss         | -12         |
|    explained_variance   | 0.876       |
|    learning_rate        | 0.0003      |
|    loss                 | 5.63        |
|    n_updates            | 960         |
|    policy_gradient_loss | -0.00425    |
|    std                  | 0.665       |
|    value_loss           | 65.7        |
-----------------------------------------
---------------------------------------
| br1/                     |          |
|    episodes_this_rollout | 35       |
|    fall_rate             | 0.0857   |
|    mean_tilt_deg         | 3.41     |
| rollout/                 |          |
|    ep_len_mean           | 489      |
|    ep_rew_mean           | 1.31e+03 |
| time/                    |          |
|    fps                   | 940      |
|    iterations            | 97       |
|    time_elapsed          | 1689     |
|    total_timesteps       | 1589248  |
---------------------------------------
Eval num_timesteps=1590000, episode_reward=1930.07 +/- 13.98
Episode length: 500.00 +/- 0.00
-----------------------------------------
| eval/                   |             |
|    mean_ep_length       | 500         |
|    mean_reward          | 1.93e+03    |
| time/                   |             |
|    total_timesteps      | 1590000     |
| train/                  |             |
|    approx_kl            | 0.058369584 |
|    clip_fraction        | 0.422       |
|    clip_range           | 0.2         |
|    entropy_loss         | -12         |
|    explained_variance   | 0.81        |
|    learning_rate        | 0.0003      |
|    loss                 | 11.3        |
|    n_updates            | 970         |
|    policy_gradient_loss | 0.00189     |
|    std                  | 0.662       |
|    value_loss           | 53          |
-----------------------------------------
Eval num_timesteps=1600000, episode_reward=1920.80 +/- 23.28
Episode length: 500.00 +/- 0.00
---------------------------------
| eval/              |          |
|    mean_ep_length  | 500      |
|    mean_reward     | 1.92e+03 |
| time/              |          |
|    total_timesteps | 1600000  |
---------------------------------
---------------------------------------
| br1/                     |          |
|    episodes_this_rollout | 34       |
|    fall_rate             | 0.147    |
|    mean_tilt_deg         | 3.22     |
| rollout/                 |          |
|    ep_len_mean           | 482      |
|    ep_rew_mean           | 1.29e+03 |
| time/                    |          |
|    fps                   | 941      |
|    iterations            | 98       |
|    time_elapsed          | 1706     |
|    total_timesteps       | 1605632  |
---------------------------------------
Eval num_timesteps=1610000, episode_reward=1862.44 +/- 92.65
Episode length: 500.00 +/- 0.00
-----------------------------------------
| eval/                   |             |
|    mean_ep_length       | 500         |
|    mean_reward          | 1.86e+03    |
| time/                   |             |
|    total_timesteps      | 1610000     |
| train/                  |             |
|    approx_kl            | 0.031409517 |
|    clip_fraction        | 0.314       |
|    clip_range           | 0.2         |
|    entropy_loss         | -11.9       |
|    explained_variance   | 0.875       |
|    learning_rate        | 0.0003      |
|    loss                 | 52.3        |
|    n_updates            | 980         |
|    policy_gradient_loss | -0.00516    |
|    std                  | 0.661       |
|    value_loss           | 95.6        |
-----------------------------------------
Eval num_timesteps=1620000, episode_reward=1880.95 +/- 81.54
Episode length: 500.00 +/- 0.00
---------------------------------
| eval/              |          |
|    mean_ep_length  | 500      |
|    mean_reward     | 1.88e+03 |
| time/              |          |
|    total_timesteps | 1620000  |
---------------------------------
---------------------------------------
| br1/                     |          |
|    episodes_this_rollout | 32       |
|    fall_rate             | 0.125    |
|    mean_tilt_deg         | 3.14     |
| rollout/                 |          |
|    ep_len_mean           | 481      |
|    ep_rew_mean           | 1.29e+03 |
| time/                    |          |
|    fps                   | 941      |
|    iterations            | 99       |
|    time_elapsed          | 1723     |
|    total_timesteps       | 1622016  |
---------------------------------------
Eval num_timesteps=1630000, episode_reward=1910.88 +/- 10.24
Episode length: 500.00 +/- 0.00
----------------------------------------
| eval/                   |            |
|    mean_ep_length       | 500        |
|    mean_reward          | 1.91e+03   |
| time/                   |            |
|    total_timesteps      | 1630000    |
| train/                  |            |
|    approx_kl            | 0.03345018 |
|    clip_fraction        | 0.414      |
|    clip_range           | 0.2        |
|    entropy_loss         | -11.9      |
|    explained_variance   | 0.832      |
|    learning_rate        | 0.0003     |
|    loss                 | 99.2       |
|    n_updates            | 990        |
|    policy_gradient_loss | -0.00159   |
|    std                  | 0.658      |
|    value_loss           | 74.1       |
----------------------------------------
---------------------------------------
| br1/                     |          |
|    episodes_this_rollout | 35       |
|    fall_rate             | 0.114    |
|    mean_tilt_deg         | 3.4      |
| rollout/                 |          |
|    ep_len_mean           | 481      |
|    ep_rew_mean           | 1.29e+03 |
| time/                    |          |
|    fps                   | 942      |
|    iterations            | 100      |
|    time_elapsed          | 1737     |
|    total_timesteps       | 1638400  |
---------------------------------------
Eval num_timesteps=1640000, episode_reward=1424.15 +/- 9.29
Episode length: 500.00 +/- 0.00
-----------------------------------------
| eval/                   |             |
|    mean_ep_length       | 500         |
|    mean_reward          | 1.42e+03    |
| time/                   |             |
|    total_timesteps      | 1640000     |
| train/                  |             |
|    approx_kl            | 0.047957618 |
|    clip_fraction        | 0.395       |
|    clip_range           | 0.2         |
|    entropy_loss         | -11.9       |
|    explained_variance   | 0.859       |
|    learning_rate        | 0.0003      |
|    loss                 | 22.3        |
|    n_updates            | 1000        |
|    policy_gradient_loss | 0.000605    |
|    std                  | 0.656       |
|    value_loss           | 68.6        |
-----------------------------------------
Eval num_timesteps=1650000, episode_reward=1484.75 +/- 63.77
Episode length: 500.00 +/- 0.00
---------------------------------
| eval/              |          |
|    mean_ep_length  | 500      |
|    mean_reward     | 1.48e+03 |
| time/              |          |
|    total_timesteps | 1650000  |
---------------------------------
---------------------------------------
| br1/                     |          |
|    episodes_this_rollout | 33       |
|    fall_rate             | 0.121    |
|    mean_tilt_deg         | 3.36     |
| rollout/                 |          |
|    ep_len_mean           | 486      |
|    ep_rew_mean           | 1.31e+03 |
| time/                    |          |
|    fps                   | 943      |
|    iterations            | 101      |
|    time_elapsed          | 1754     |
|    total_timesteps       | 1654784  |
---------------------------------------
Eval num_timesteps=1660000, episode_reward=1438.18 +/- 34.69
Episode length: 500.00 +/- 0.00
-----------------------------------------
| eval/                   |             |
|    mean_ep_length       | 500         |
|    mean_reward          | 1.44e+03    |
| time/                   |             |
|    total_timesteps      | 1660000     |
| train/                  |             |
|    approx_kl            | 0.032164186 |
|    clip_fraction        | 0.378       |
|    clip_range           | 0.2         |
|    entropy_loss         | -11.8       |
|    explained_variance   | 0.856       |
|    learning_rate        | 0.0003      |
|    loss                 | 26          |
|    n_updates            | 1010        |
|    policy_gradient_loss | -0.000438   |
|    std                  | 0.653       |
|    value_loss           | 84.3        |
-----------------------------------------
Eval num_timesteps=1670000, episode_reward=1425.85 +/- 13.02
Episode length: 500.00 +/- 0.00
---------------------------------
| eval/              |          |
|    mean_ep_length  | 500      |
|    mean_reward     | 1.43e+03 |
| time/              |          |
|    total_timesteps | 1670000  |
---------------------------------
---------------------------------------
| br1/                     |          |
|    episodes_this_rollout | 33       |
|    fall_rate             | 0.0606   |
|    mean_tilt_deg         | 3.09     |
| rollout/                 |          |
|    ep_len_mean           | 489      |
|    ep_rew_mean           | 1.32e+03 |
| time/                    |          |
|    fps                   | 943      |
|    iterations            | 102      |
|    time_elapsed          | 1771     |
|    total_timesteps       | 1671168  |
---------------------------------------
Eval num_timesteps=1680000, episode_reward=1470.71 +/- 9.06
Episode length: 500.00 +/- 0.00
----------------------------------------
| eval/                   |            |
|    mean_ep_length       | 500        |
|    mean_reward          | 1.47e+03   |
| time/                   |            |
|    total_timesteps      | 1680000    |
| train/                  |            |
|    approx_kl            | 0.06344733 |
|    clip_fraction        | 0.507      |
|    clip_range           | 0.2        |
|    entropy_loss         | -11.7      |
|    explained_variance   | 0.837      |
|    learning_rate        | 0.0003     |
|    loss                 | 8.13       |
|    n_updates            | 1020       |
|    policy_gradient_loss | 0.0114     |
|    std                  | 0.65       |
|    value_loss           | 49.6       |
----------------------------------------
---------------------------------------
| br1/                     |          |
|    episodes_this_rollout | 32       |
|    fall_rate             | 0        |
|    mean_tilt_deg         | 2.98     |
| rollout/                 |          |
|    ep_len_mean           | 491      |
|    ep_rew_mean           | 1.33e+03 |
| time/                    |          |
|    fps                   | 944      |
|    iterations            | 103      |
|    time_elapsed          | 1786     |
|    total_timesteps       | 1687552  |
---------------------------------------
Eval num_timesteps=1690000, episode_reward=1799.86 +/- 30.39
Episode length: 500.00 +/- 0.00
----------------------------------------
| eval/                   |            |
|    mean_ep_length       | 500        |
|    mean_reward          | 1.8e+03    |
| time/                   |            |
|    total_timesteps      | 1690000    |
| train/                  |            |
|    approx_kl            | 0.08321644 |
|    clip_fraction        | 0.501      |
|    clip_range           | 0.2        |
|    entropy_loss         | -11.7      |
|    explained_variance   | 0.573      |
|    learning_rate        | 0.0003     |
|    loss                 | 8.04       |
|    n_updates            | 1030       |
|    policy_gradient_loss | 0.0111     |
|    std                  | 0.646      |
|    value_loss           | 46.5       |
----------------------------------------
Eval num_timesteps=1700000, episode_reward=1848.78 +/- 16.47
Episode length: 500.00 +/- 0.00
---------------------------------
| eval/              |          |
|    mean_ep_length  | 500      |
|    mean_reward     | 1.85e+03 |
| time/              |          |
|    total_timesteps | 1700000  |
---------------------------------
---------------------------------------
| br1/                     |          |
|    episodes_this_rollout | 38       |
|    fall_rate             | 0.184    |
|    mean_tilt_deg         | 3.73     |
| rollout/                 |          |
|    ep_len_mean           | 482      |
|    ep_rew_mean           | 1.31e+03 |
| time/                    |          |
|    fps                   | 944      |
|    iterations            | 104      |
|    time_elapsed          | 1803     |
|    total_timesteps       | 1703936  |
---------------------------------------
Eval num_timesteps=1710000, episode_reward=1659.40 +/- 49.55
Episode length: 500.00 +/- 0.00
---------------------------------------
| eval/                   |           |
|    mean_ep_length       | 500       |
|    mean_reward          | 1.66e+03  |
| time/                   |           |
|    total_timesteps      | 1710000   |
| train/                  |           |
|    approx_kl            | 0.0179054 |
|    clip_fraction        | 0.287     |
|    clip_range           | 0.2       |
|    entropy_loss         | -11.6     |
|    explained_variance   | 0.888     |
|    learning_rate        | 0.0003    |
|    loss                 | 28.4      |
|    n_updates            | 1040      |
|    policy_gradient_loss | -0.00457  |
|    std                  | 0.644     |
|    value_loss           | 101       |
---------------------------------------
Eval num_timesteps=1720000, episode_reward=1656.33 +/- 44.83
Episode length: 500.00 +/- 0.00
---------------------------------
| eval/              |          |
|    mean_ep_length  | 500      |
|    mean_reward     | 1.66e+03 |
| time/              |          |
|    total_timesteps | 1720000  |
---------------------------------
---------------------------------------
| br1/                     |          |
|    episodes_this_rollout | 33       |
|    fall_rate             | 0.121    |
|    mean_tilt_deg         | 3.74     |
| rollout/                 |          |
|    ep_len_mean           | 480      |
|    ep_rew_mean           | 1.3e+03  |
| time/                    |          |
|    fps                   | 944      |
|    iterations            | 105      |
|    time_elapsed          | 1820     |
|    total_timesteps       | 1720320  |
---------------------------------------
Eval num_timesteps=1730000, episode_reward=1540.49 +/- 24.78
Episode length: 500.00 +/- 0.00
-----------------------------------------
| eval/                   |             |
|    mean_ep_length       | 500         |
|    mean_reward          | 1.54e+03    |
| time/                   |             |
|    total_timesteps      | 1730000     |
| train/                  |             |
|    approx_kl            | 0.039550312 |
|    clip_fraction        | 0.398       |
|    clip_range           | 0.2         |
|    entropy_loss         | -11.6       |
|    explained_variance   | 0.894       |
|    learning_rate        | 0.0003      |
|    loss                 | 41.9        |
|    n_updates            | 1050        |
|    policy_gradient_loss | -0.000552   |
|    std                  | 0.641       |
|    value_loss           | 56.5        |
-----------------------------------------
---------------------------------------
| br1/                     |          |
|    episodes_this_rollout | 33       |
|    fall_rate             | 0.121    |
|    mean_tilt_deg         | 3.57     |
| rollout/                 |          |
|    ep_len_mean           | 474      |
|    ep_rew_mean           | 1.29e+03 |
| time/                    |          |
|    fps                   | 946      |
|    iterations            | 106      |
|    time_elapsed          | 1834     |
|    total_timesteps       | 1736704  |
---------------------------------------
Eval num_timesteps=1740000, episode_reward=1625.78 +/- 41.38
Episode length: 500.00 +/- 0.00
-----------------------------------------
| eval/                   |             |
|    mean_ep_length       | 500         |
|    mean_reward          | 1.63e+03    |
| time/                   |             |
|    total_timesteps      | 1740000     |
| train/                  |             |
|    approx_kl            | 0.057568267 |
|    clip_fraction        | 0.565       |
|    clip_range           | 0.2         |
|    entropy_loss         | -11.5       |
|    explained_variance   | 0.861       |
|    learning_rate        | 0.0003      |
|    loss                 | 31          |
|    n_updates            | 1060        |
|    policy_gradient_loss | 0.0149      |
|    std                  | 0.64        |
|    value_loss           | 61          |
-----------------------------------------
Eval num_timesteps=1750000, episode_reward=1688.36 +/- 77.66
Episode length: 500.00 +/- 0.00
---------------------------------
| eval/              |          |
|    mean_ep_length  | 500      |
|    mean_reward     | 1.69e+03 |
| time/              |          |
|    total_timesteps | 1750000  |
---------------------------------
---------------------------------------
| br1/                     |          |
|    episodes_this_rollout | 33       |
|    fall_rate             | 0        |
|    mean_tilt_deg         | 3.42     |
| rollout/                 |          |
|    ep_len_mean           | 483      |
|    ep_rew_mean           | 1.32e+03 |
| time/                    |          |
|    fps                   | 946      |
|    iterations            | 107      |
|    time_elapsed          | 1852     |
|    total_timesteps       | 1753088  |
---------------------------------------
Eval num_timesteps=1760000, episode_reward=1530.81 +/- 20.01
Episode length: 500.00 +/- 0.00
-----------------------------------------
| eval/                   |             |
|    mean_ep_length       | 500         |
|    mean_reward          | 1.53e+03    |
| time/                   |             |
|    total_timesteps      | 1760000     |
| train/                  |             |
|    approx_kl            | 0.055653505 |
|    clip_fraction        | 0.574       |
|    clip_range           | 0.2         |
|    entropy_loss         | -11.5       |
|    explained_variance   | -0.346      |
|    learning_rate        | 0.0003      |
|    loss                 | 3.06        |
|    n_updates            | 1070        |
|    policy_gradient_loss | 0.0225      |
|    std                  | 0.638       |
|    value_loss           | 12.1        |
-----------------------------------------
---------------------------------------
| br1/                     |          |
|    episodes_this_rollout | 34       |
|    fall_rate             | 0.0588   |
|    mean_tilt_deg         | 3.5      |
| rollout/                 |          |
|    ep_len_mean           | 489      |
|    ep_rew_mean           | 1.34e+03 |
| time/                    |          |
|    fps                   | 946      |
|    iterations            | 108      |
|    time_elapsed          | 1868     |
|    total_timesteps       | 1769472  |
---------------------------------------
Eval num_timesteps=1770000, episode_reward=1852.06 +/- 30.98
Episode length: 500.00 +/- 0.00
-----------------------------------------
| eval/                   |             |
|    mean_ep_length       | 500         |
|    mean_reward          | 1.85e+03    |
| time/                   |             |
|    total_timesteps      | 1770000     |
| train/                  |             |
|    approx_kl            | 0.059449792 |
|    clip_fraction        | 0.468       |
|    clip_range           | 0.2         |
|    entropy_loss         | -11.4       |
|    explained_variance   | 0.874       |
|    learning_rate        | 0.0003      |
|    loss                 | 18.6        |
|    n_updates            | 1080        |
|    policy_gradient_loss | 0.00934     |
|    std                  | 0.634       |
|    value_loss           | 26          |
-----------------------------------------
Eval num_timesteps=1780000, episode_reward=1863.75 +/- 19.49
Episode length: 500.00 +/- 0.00
---------------------------------
| eval/              |          |
|    mean_ep_length  | 500      |
|    mean_reward     | 1.86e+03 |
| time/              |          |
|    total_timesteps | 1780000  |
---------------------------------
---------------------------------------
| br1/                     |          |
|    episodes_this_rollout | 35       |
|    fall_rate             | 0.257    |
|    mean_tilt_deg         | 3.36     |
| rollout/                 |          |
|    ep_len_mean           | 481      |
|    ep_rew_mean           | 1.31e+03 |
| time/                    |          |
|    fps                   | 946      |
|    iterations            | 109      |
|    time_elapsed          | 1885     |
|    total_timesteps       | 1785856  |
---------------------------------------
Eval num_timesteps=1790000, episode_reward=1809.54 +/- 29.92
Episode length: 500.00 +/- 0.00
-----------------------------------------
| eval/                   |             |
|    mean_ep_length       | 500         |
|    mean_reward          | 1.81e+03    |
| time/                   |             |
|    total_timesteps      | 1790000     |
| train/                  |             |
|    approx_kl            | 0.011712839 |
|    clip_fraction        | 0.114       |
|    clip_range           | 0.2         |
|    entropy_loss         | -11.4       |
|    explained_variance   | 0.874       |
|    learning_rate        | 0.0003      |
|    loss                 | 99.7        |
|    n_updates            | 1090        |
|    policy_gradient_loss | -0.0073     |
|    std                  | 0.635       |
|    value_loss           | 169         |
-----------------------------------------
Eval num_timesteps=1800000, episode_reward=1805.00 +/- 57.17
Episode length: 500.00 +/- 0.00
---------------------------------
| eval/              |          |
|    mean_ep_length  | 500      |
|    mean_reward     | 1.81e+03 |
| time/              |          |
|    total_timesteps | 1800000  |
---------------------------------
---------------------------------------
| br1/                     |          |
|    episodes_this_rollout | 36       |
|    fall_rate             | 0.25     |
|    mean_tilt_deg         | 3.42     |
| rollout/                 |          |
|    ep_len_mean           | 470      |
|    ep_rew_mean           | 1.28e+03 |
| time/                    |          |
|    fps                   | 946      |
|    iterations            | 110      |
|    time_elapsed          | 1903     |
|    total_timesteps       | 1802240  |
---------------------------------------
Eval num_timesteps=1810000, episode_reward=1764.06 +/- 78.65
Episode length: 500.00 +/- 0.00
-----------------------------------------
| eval/                   |             |
|    mean_ep_length       | 500         |
|    mean_reward          | 1.76e+03    |
| time/                   |             |
|    total_timesteps      | 1810000     |
| train/                  |             |
|    approx_kl            | 0.011839651 |
|    clip_fraction        | 0.136       |
|    clip_range           | 0.2         |
|    entropy_loss         | -11.4       |
|    explained_variance   | 0.893       |
|    learning_rate        | 0.0003      |
|    loss                 | 73.8        |
|    n_updates            | 1100        |
|    policy_gradient_loss | -0.01       |
|    std                  | 0.635       |
|    value_loss           | 156         |
-----------------------------------------
---------------------------------------
| br1/                     |          |
|    episodes_this_rollout | 34       |
|    fall_rate             | 0.206    |
|    mean_tilt_deg         | 3.34     |
| rollout/                 |          |
|    ep_len_mean           | 464      |
|    ep_rew_mean           | 1.27e+03 |
| time/                    |          |
|    fps                   | 948      |
|    iterations            | 111      |
|    time_elapsed          | 1917     |
|    total_timesteps       | 1818624  |
---------------------------------------
Eval num_timesteps=1820000, episode_reward=1872.73 +/- 25.61
Episode length: 500.00 +/- 0.00
-----------------------------------------
| eval/                   |             |
|    mean_ep_length       | 500         |
|    mean_reward          | 1.87e+03    |
| time/                   |             |
|    total_timesteps      | 1820000     |
| train/                  |             |
|    approx_kl            | 0.012779861 |
|    clip_fraction        | 0.136       |
|    clip_range           | 0.2         |
|    entropy_loss         | -11.4       |
|    explained_variance   | 0.867       |
|    learning_rate        | 0.0003      |
|    loss                 | 79          |
|    n_updates            | 1110        |
|    policy_gradient_loss | -0.00972    |
|    std                  | 0.633       |
|    value_loss           | 202         |
-----------------------------------------
Eval num_timesteps=1830000, episode_reward=1847.18 +/- 27.98
Episode length: 500.00 +/- 0.00
---------------------------------
| eval/              |          |
|    mean_ep_length  | 500      |
|    mean_reward     | 1.85e+03 |
| time/              |          |
|    total_timesteps | 1830000  |
---------------------------------
---------------------------------------
| br1/                     |          |
|    episodes_this_rollout | 34       |
|    fall_rate             | 0.176    |
|    mean_tilt_deg         | 3.35     |
| rollout/                 |          |
|    ep_len_mean           | 469      |
|    ep_rew_mean           | 1.28e+03 |
| time/                    |          |
|    fps                   | 948      |
|    iterations            | 112      |
|    time_elapsed          | 1935     |
|    total_timesteps       | 1835008  |
---------------------------------------
Eval num_timesteps=1840000, episode_reward=1832.62 +/- 35.24
Episode length: 500.00 +/- 0.00
-----------------------------------------
| eval/                   |             |
|    mean_ep_length       | 500         |
|    mean_reward          | 1.83e+03    |
| time/                   |             |
|    total_timesteps      | 1840000     |
| train/                  |             |
|    approx_kl            | 0.016646996 |
|    clip_fraction        | 0.191       |
|    clip_range           | 0.2         |
|    entropy_loss         | -11.4       |
|    explained_variance   | 0.873       |
|    learning_rate        | 0.0003      |
|    loss                 | 60.9        |
|    n_updates            | 1120        |
|    policy_gradient_loss | -0.0102     |
|    std                  | 0.633       |
|    value_loss           | 158         |
-----------------------------------------
Eval num_timesteps=1850000, episode_reward=1800.36 +/- 63.74
Episode length: 500.00 +/- 0.00
---------------------------------
| eval/              |          |
|    mean_ep_length  | 500      |
|    mean_reward     | 1.8e+03  |
| time/              |          |
|    total_timesteps | 1850000  |
---------------------------------
---------------------------------------
| br1/                     |          |
|    episodes_this_rollout | 34       |
|    fall_rate             | 0.0588   |
|    mean_tilt_deg         | 3.33     |
| rollout/                 |          |
|    ep_len_mean           | 477      |
|    ep_rew_mean           | 1.31e+03 |
| time/                    |          |
|    fps                   | 948      |
|    iterations            | 113      |
|    time_elapsed          | 1952     |
|    total_timesteps       | 1851392  |
---------------------------------------
Eval num_timesteps=1860000, episode_reward=1840.19 +/- 30.65
Episode length: 500.00 +/- 0.00
----------------------------------------
| eval/                   |            |
|    mean_ep_length       | 500        |
|    mean_reward          | 1.84e+03   |
| time/                   |            |
|    total_timesteps      | 1860000    |
| train/                  |            |
|    approx_kl            | 0.04116953 |
|    clip_fraction        | 0.42       |
|    clip_range           | 0.2        |
|    entropy_loss         | -11.3      |
|    explained_variance   | 0.792      |
|    learning_rate        | 0.0003     |
|    loss                 | 9.79       |
|    n_updates            | 1130       |
|    policy_gradient_loss | 0.00466    |
|    std                  | 0.63       |
|    value_loss           | 53.1       |
----------------------------------------
---------------------------------------
| br1/                     |          |
|    episodes_this_rollout | 36       |
|    fall_rate             | 0.0833   |
|    mean_tilt_deg         | 3.55     |
| rollout/                 |          |
|    ep_len_mean           | 482      |
|    ep_rew_mean           | 1.33e+03 |
| time/                    |          |
|    fps                   | 950      |
|    iterations            | 114      |
|    time_elapsed          | 1965     |
|    total_timesteps       | 1867776  |
---------------------------------------
Eval num_timesteps=1870000, episode_reward=1856.64 +/- 15.22
Episode length: 500.00 +/- 0.00
-----------------------------------------
| eval/                   |             |
|    mean_ep_length       | 500         |
|    mean_reward          | 1.86e+03    |
| time/                   |             |
|    total_timesteps      | 1870000     |
| train/                  |             |
|    approx_kl            | 0.036596604 |
|    clip_fraction        | 0.358       |
|    clip_range           | 0.2         |
|    entropy_loss         | -11.3       |
|    explained_variance   | 0.872       |
|    learning_rate        | 0.0003      |
|    loss                 | 7.32        |
|    n_updates            | 1140        |
|    policy_gradient_loss | -0.000613   |
|    std                  | 0.628       |
|    value_loss           | 66.7        |
-----------------------------------------
Eval num_timesteps=1880000, episode_reward=1824.90 +/- 83.98
Episode length: 500.00 +/- 0.00
---------------------------------
| eval/              |          |
|    mean_ep_length  | 500      |
|    mean_reward     | 1.82e+03 |
| time/              |          |
|    total_timesteps | 1880000  |
---------------------------------
---------------------------------------
| br1/                     |          |
|    episodes_this_rollout | 33       |
|    fall_rate             | 0.182    |
|    mean_tilt_deg         | 3.51     |
| rollout/                 |          |
|    ep_len_mean           | 485      |
|    ep_rew_mean           | 1.34e+03 |
| time/                    |          |
|    fps                   | 950      |
|    iterations            | 115      |
|    time_elapsed          | 1982     |
|    total_timesteps       | 1884160  |
---------------------------------------
Eval num_timesteps=1890000, episode_reward=1812.95 +/- 33.01
Episode length: 500.00 +/- 0.00
-----------------------------------------
| eval/                   |             |
|    mean_ep_length       | 500         |
|    mean_reward          | 1.81e+03    |
| time/                   |             |
|    total_timesteps      | 1890000     |
| train/                  |             |
|    approx_kl            | 0.022757636 |
|    clip_fraction        | 0.261       |
|    clip_range           | 0.2         |
|    entropy_loss         | -11.2       |
|    explained_variance   | 0.884       |
|    learning_rate        | 0.0003      |
|    loss                 | 59.3        |
|    n_updates            | 1150        |
|    policy_gradient_loss | -0.00869    |
|    std                  | 0.626       |
|    value_loss           | 107         |
-----------------------------------------
Eval num_timesteps=1900000, episode_reward=1829.72 +/- 41.67
Episode length: 500.00 +/- 0.00
---------------------------------
| eval/              |          |
|    mean_ep_length  | 500      |
|    mean_reward     | 1.83e+03 |
| time/              |          |
|    total_timesteps | 1900000  |
---------------------------------
---------------------------------------
| br1/                     |          |
|    episodes_this_rollout | 32       |
|    fall_rate             | 0.0938   |
|    mean_tilt_deg         | 3.33     |
| rollout/                 |          |
|    ep_len_mean           | 485      |
|    ep_rew_mean           | 1.34e+03 |
| time/                    |          |
|    fps                   | 950      |
|    iterations            | 116      |
|    time_elapsed          | 1999     |
|    total_timesteps       | 1900544  |
---------------------------------------
Eval num_timesteps=1910000, episode_reward=1822.74 +/- 34.15
Episode length: 500.00 +/- 0.00
----------------------------------------
| eval/                   |            |
|    mean_ep_length       | 500        |
|    mean_reward          | 1.82e+03   |
| time/                   |            |
|    total_timesteps      | 1910000    |
| train/                  |            |
|    approx_kl            | 0.02895343 |
|    clip_fraction        | 0.336      |
|    clip_range           | 0.2        |
|    entropy_loss         | -11.2      |
|    explained_variance   | 0.867      |
|    learning_rate        | 0.0003     |
|    loss                 | 25         |
|    n_updates            | 1160       |
|    policy_gradient_loss | -0.00429   |
|    std                  | 0.625      |
|    value_loss           | 81.7       |
----------------------------------------
---------------------------------------
| br1/                     |          |
|    episodes_this_rollout | 34       |
|    fall_rate             | 0.0882   |
|    mean_tilt_deg         | 3.24     |
| rollout/                 |          |
|    ep_len_mean           | 483      |
|    ep_rew_mean           | 1.33e+03 |
| time/                    |          |
|    fps                   | 952      |
|    iterations            | 117      |
|    time_elapsed          | 2013     |
|    total_timesteps       | 1916928  |
---------------------------------------
Eval num_timesteps=1920000, episode_reward=1711.13 +/- 53.19
Episode length: 500.00 +/- 0.00
-----------------------------------------
| eval/                   |             |
|    mean_ep_length       | 500         |
|    mean_reward          | 1.71e+03    |
| time/                   |             |
|    total_timesteps      | 1920000     |
| train/                  |             |
|    approx_kl            | 0.034161862 |
|    clip_fraction        | 0.362       |
|    clip_range           | 0.2         |
|    entropy_loss         | -11.2       |
|    explained_variance   | 0.866       |
|    learning_rate        | 0.0003      |
|    loss                 | 37          |
|    n_updates            | 1170        |
|    policy_gradient_loss | -0.00376    |
|    std                  | 0.623       |
|    value_loss           | 86.9        |
-----------------------------------------
Eval num_timesteps=1930000, episode_reward=1672.70 +/- 89.59
Episode length: 500.00 +/- 0.00
---------------------------------
| eval/              |          |
|    mean_ep_length  | 500      |
|    mean_reward     | 1.67e+03 |
| time/              |          |
|    total_timesteps | 1930000  |
---------------------------------
---------------------------------------
| br1/                     |          |
|    episodes_this_rollout | 37       |
|    fall_rate             | 0.108    |
|    mean_tilt_deg         | 3.36     |
| rollout/                 |          |
|    ep_len_mean           | 480      |
|    ep_rew_mean           | 1.33e+03 |
| time/                    |          |
|    fps                   | 952      |
|    iterations            | 118      |
|    time_elapsed          | 2029     |
|    total_timesteps       | 1933312  |
---------------------------------------
Eval num_timesteps=1940000, episode_reward=1760.10 +/- 42.23
Episode length: 500.00 +/- 0.00
-----------------------------------------
| eval/                   |             |
|    mean_ep_length       | 500         |
|    mean_reward          | 1.76e+03    |
| time/                   |             |
|    total_timesteps      | 1940000     |
| train/                  |             |
|    approx_kl            | 0.041390225 |
|    clip_fraction        | 0.439       |
|    clip_range           | 0.2         |
|    entropy_loss         | -11.1       |
|    explained_variance   | 0.881       |
|    learning_rate        | 0.0003      |
|    loss                 | 17.4        |
|    n_updates            | 1180        |
|    policy_gradient_loss | 0.000356    |
|    std                  | 0.62        |
|    value_loss           | 70.6        |
-----------------------------------------
---------------------------------------
| br1/                     |          |
|    episodes_this_rollout | 33       |
|    fall_rate             | 0.0303   |
|    mean_tilt_deg         | 3.42     |
| rollout/                 |          |
|    ep_len_mean           | 482      |
|    ep_rew_mean           | 1.33e+03 |
| time/                    |          |
|    fps                   | 953      |
|    iterations            | 119      |
|    time_elapsed          | 2043     |
|    total_timesteps       | 1949696  |
---------------------------------------
Eval num_timesteps=1950000, episode_reward=1851.60 +/- 21.33
Episode length: 500.00 +/- 0.00
----------------------------------------
| eval/                   |            |
|    mean_ep_length       | 500        |
|    mean_reward          | 1.85e+03   |
| time/                   |            |
|    total_timesteps      | 1950000    |
| train/                  |            |
|    approx_kl            | 0.09025757 |
|    clip_fraction        | 0.594      |
|    clip_range           | 0.2        |
|    entropy_loss         | -11.1      |
|    explained_variance   | 0.775      |
|    learning_rate        | 0.0003     |
|    loss                 | 35         |
|    n_updates            | 1190       |
|    policy_gradient_loss | 0.0236     |
|    std                  | 0.617      |
|    value_loss           | 34.9       |
----------------------------------------
Eval num_timesteps=1960000, episode_reward=1838.76 +/- 36.33
Episode length: 500.00 +/- 0.00
---------------------------------
| eval/              |          |
|    mean_ep_length  | 500      |
|    mean_reward     | 1.84e+03 |
| time/              |          |
|    total_timesteps | 1960000  |
---------------------------------
---------------------------------------
| br1/                     |          |
|    episodes_this_rollout | 35       |
|    fall_rate             | 0.114    |
|    mean_tilt_deg         | 3.6      |
| rollout/                 |          |
|    ep_len_mean           | 477      |
|    ep_rew_mean           | 1.32e+03 |
| time/                    |          |
|    fps                   | 954      |
|    iterations            | 120      |
|    time_elapsed          | 2060     |
|    total_timesteps       | 1966080  |
---------------------------------------
Eval num_timesteps=1970000, episode_reward=1791.09 +/- 24.57
Episode length: 500.00 +/- 0.00
-----------------------------------------
| eval/                   |             |
|    mean_ep_length       | 500         |
|    mean_reward          | 1.79e+03    |
| time/                   |             |
|    total_timesteps      | 1970000     |
| train/                  |             |
|    approx_kl            | 0.054498013 |
|    clip_fraction        | 0.476       |
|    clip_range           | 0.2         |
|    entropy_loss         | -11         |
|    explained_variance   | 0.799       |
|    learning_rate        | 0.0003      |
|    loss                 | 27          |
|    n_updates            | 1200        |
|    policy_gradient_loss | 0.00484     |
|    std                  | 0.615       |
|    value_loss           | 42          |
-----------------------------------------
Eval num_timesteps=1980000, episode_reward=1804.33 +/- 13.15
Episode length: 500.00 +/- 0.00
---------------------------------
| eval/              |          |
|    mean_ep_length  | 500      |
|    mean_reward     | 1.8e+03  |
| time/              |          |
|    total_timesteps | 1980000  |
---------------------------------
---------------------------------------
| br1/                     |          |
|    episodes_this_rollout | 33       |
|    fall_rate             | 0        |
|    mean_tilt_deg         | 3.33     |
| rollout/                 |          |
|    ep_len_mean           | 486      |
|    ep_rew_mean           | 1.35e+03 |
| time/                    |          |
|    fps                   | 953      |
|    iterations            | 121      |
|    time_elapsed          | 2078     |
|    total_timesteps       | 1982464  |
---------------------------------------
Eval num_timesteps=1990000, episode_reward=1424.56 +/- 80.05
Episode length: 500.00 +/- 0.00
-----------------------------------------
| eval/                   |             |
|    mean_ep_length       | 500         |
|    mean_reward          | 1.42e+03    |
| time/                   |             |
|    total_timesteps      | 1990000     |
| train/                  |             |
|    approx_kl            | 0.047893267 |
|    clip_fraction        | 0.555       |
|    clip_range           | 0.2         |
|    entropy_loss         | -10.9       |
|    explained_variance   | -0.349      |
|    learning_rate        | 0.0003      |
|    loss                 | 2.94        |
|    n_updates            | 1210        |
|    policy_gradient_loss | 0.0258      |
|    std                  | 0.61        |
|    value_loss           | 6.89        |
-----------------------------------------
---------------------------------------
| br1/                     |          |
|    episodes_this_rollout | 32       |
|    fall_rate             | 0        |
|    mean_tilt_deg         | 3.06     |
| rollout/                 |          |
|    ep_len_mean           | 487      |
|    ep_rew_mean           | 1.36e+03 |
| time/                    |          |
|    fps                   | 955      |
|    iterations            | 122      |
|    time_elapsed          | 2092     |
|    total_timesteps       | 1998848  |
---------------------------------------
Eval num_timesteps=2000000, episode_reward=1330.75 +/- 120.21
Episode length: 500.00 +/- 0.00
-----------------------------------------
| eval/                   |             |
|    mean_ep_length       | 500         |
|    mean_reward          | 1.33e+03    |
| time/                   |             |
|    total_timesteps      | 2000000     |
| train/                  |             |
|    approx_kl            | 0.035154402 |
|    clip_fraction        | 0.443       |
|    clip_range           | 0.2         |
|    entropy_loss         | -10.8       |
|    explained_variance   | -0.168      |
|    learning_rate        | 0.0003      |
|    loss                 | 1.52        |
|    n_updates            | 1220        |
|    policy_gradient_loss | 0.00993     |
|    std                  | 0.606       |
|    value_loss           | 2.87        |
-----------------------------------------
Eval num_timesteps=2010000, episode_reward=1279.80 +/- 56.20
Episode length: 500.00 +/- 0.00
---------------------------------
| eval/              |          |
|    mean_ep_length  | 500      |
|    mean_reward     | 1.28e+03 |
| time/              |          |
|    total_timesteps | 2010000  |
---------------------------------
---------------------------------------
| br1/                     |          |
|    episodes_this_rollout | 33       |
|    fall_rate             | 0.0909   |
|    mean_tilt_deg         | 3.17     |
| rollout/                 |          |
|    ep_len_mean           | 494      |
|    ep_rew_mean           | 1.38e+03 |
| time/                    |          |
|    fps                   | 954      |
|    iterations            | 123      |
|    time_elapsed          | 2110     |
|    total_timesteps       | 2015232  |
---------------------------------------
[EXP-002] saved final model -> C:\Users\91934\OneDrive\Desktop\biped_robot\policies\EXP-002_final.zip
EXIT_CODE:0
